-- noinspection SqlNoDataSourceInspectionForFile

INSERT INTO carrier (carrier_id,carrier_name) VALUES ('carrier1','Carrier1');
INSERT INTO carrier (carrier_id,carrier_name) VALUES ('carrier2','Carrier2');
INSERT INTO carrier (carrier_id,carrier_name) VALUES ('carrier3','Carrier3');
INSERT INTO carrier (carrier_id,carrier_name) VALUES ('carrier4','Carrier4');

INSERT INTO country (COUNTRY_ID, COUNTRY_NAME) VALUES (1, 'Afghanistan');
INSERT INTO country (COUNTRY_ID, COUNTRY_NAME) VALUES (2, 'Albania');
INSERT INTO country (COUNTRY_ID, COUNTRY_NAME) VALUES (3, 'Algeria');
INSERT INTO country (COUNTRY_ID, COUNTRY_NAME) VALUES (4, 'American Samoa');
INSERT INTO country (COUNTRY_ID, COUNTRY_NAME) VALUES (5, 'Andorra');
INSERT INTO country (COUNTRY_ID, COUNTRY_NAME) VALUES (6, 'Angola');
INSERT INTO country (COUNTRY_ID, COUNTRY_NAME) VALUES (7, 'Anguilla');
INSERT INTO country (COUNTRY_ID, COUNTRY_NAME) VALUES (8, 'Antartic');
INSERT INTO country (COUNTRY_ID, COUNTRY_NAME) VALUES (9, 'Antigua & Barbuda');
INSERT INTO country (COUNTRY_ID, COUNTRY_NAME) VALUES (10, 'Argentina');
INSERT INTO country (COUNTRY_ID, COUNTRY_NAME) VALUES (11, 'Armenia');
INSERT INTO country (COUNTRY_ID, COUNTRY_NAME) VALUES (12, 'Aruba');
INSERT INTO country (COUNTRY_ID, COUNTRY_NAME) VALUES (13, 'Australia');
INSERT INTO country (COUNTRY_ID, COUNTRY_NAME) VALUES (14, 'Austria');
INSERT INTO country (COUNTRY_ID, COUNTRY_NAME) VALUES (15, 'Azerbaijan');

INSERT INTO country_code (COUNTRY_CODE_ID, COUNTRY_ID, CODE) VALUES (14, 14, 43);
INSERT INTO country_code (COUNTRY_CODE_ID, COUNTRY_ID, CODE) VALUES (24, 10, 54);
INSERT INTO country_code (COUNTRY_CODE_ID, COUNTRY_ID, CODE) VALUES (30, 13, 61);
INSERT INTO country_code (COUNTRY_CODE_ID, COUNTRY_ID, CODE) VALUES (45, 1, 93);
INSERT INTO country_code (COUNTRY_CODE_ID, COUNTRY_ID, CODE) VALUES (51, 3, 213);
INSERT INTO country_code (COUNTRY_CODE_ID, COUNTRY_ID, CODE) VALUES (78, 6, 244);
INSERT INTO country_code (COUNTRY_CODE_ID, COUNTRY_ID, CODE) VALUES (106, 12, 297);
INSERT INTO country_code (COUNTRY_CODE_ID, COUNTRY_ID, CODE) VALUES (114, 2, 355);
INSERT INTO country_code (COUNTRY_CODE_ID, COUNTRY_ID, CODE) VALUES (123, 11, 374);
INSERT INTO country_code (COUNTRY_CODE_ID, COUNTRY_ID, CODE) VALUES (125, 5, 376);
INSERT INTO country_code (COUNTRY_CODE_ID, COUNTRY_ID, CODE) VALUES (228, 7, 1264);
INSERT INTO country_code (COUNTRY_CODE_ID, COUNTRY_ID, CODE) VALUES (229, 9, 1268);
INSERT INTO country_code (COUNTRY_CODE_ID, COUNTRY_ID, CODE) VALUES (255, 4, 1684);
INSERT INTO country_code (COUNTRY_CODE_ID, COUNTRY_ID, CODE) VALUES (277, 8, 6721);

INSERT INTO operator (OPERATOR_ID, OPERATOR_NAME, COUNTRY_ID, OBSOLETE, DEACTIVATION_DATE, ACTIVATION_DATE, TYPE_ID) VALUES (1647, 'Afghanistan - Kabul', 1, 0, '2099-12-31', '2008-01-01', 1);
INSERT INTO operator (OPERATOR_ID, OPERATOR_NAME, COUNTRY_ID, OBSOLETE, DEACTIVATION_DATE, ACTIVATION_DATE, TYPE_ID) VALUES (1648, 'Afghanistan - Mobile AWCC', 1, 0, '2099-12-31', '2008-01-01', 2);
INSERT INTO operator (OPERATOR_ID, OPERATOR_NAME, COUNTRY_ID, OBSOLETE, DEACTIVATION_DATE, ACTIVATION_DATE, TYPE_ID) VALUES (1649, 'Afghanistan - Mobile Etisalat', 1, 0, '2099-12-31', '2008-01-01', 2);
INSERT INTO operator (OPERATOR_ID, OPERATOR_NAME, COUNTRY_ID, OBSOLETE, DEACTIVATION_DATE, ACTIVATION_DATE, TYPE_ID) VALUES (1650, 'Afghanistan - Mobile MTN', 1, 0, '2099-12-31', '2008-01-01', 2);
INSERT INTO operator (OPERATOR_ID, OPERATOR_NAME, COUNTRY_ID, OBSOLETE, DEACTIVATION_DATE, ACTIVATION_DATE, TYPE_ID) VALUES (1651, 'Afghanistan - Mobile Other', 1, 0, '2099-12-31', '2008-01-01', 2);
INSERT INTO operator (OPERATOR_ID, OPERATOR_NAME, COUNTRY_ID, OBSOLETE, DEACTIVATION_DATE, ACTIVATION_DATE, TYPE_ID) VALUES (1652, 'Afghanistan - Mobile Roshan', 1, 0, '2099-12-31', '2008-01-01', 2);
INSERT INTO operator (OPERATOR_ID, OPERATOR_NAME, COUNTRY_ID, OBSOLETE, DEACTIVATION_DATE, ACTIVATION_DATE, TYPE_ID) VALUES (1653, 'Afghanistan - Proper', 1, 0, '2099-12-31', '2008-01-01', 1);
INSERT INTO operator (OPERATOR_ID, OPERATOR_NAME, COUNTRY_ID, OBSOLETE, DEACTIVATION_DATE, ACTIVATION_DATE, TYPE_ID) VALUES (1654, 'Albania - Mobile AMC', 2, 0, '2099-12-31', '2008-01-01', 2);
INSERT INTO operator (OPERATOR_ID, OPERATOR_NAME, COUNTRY_ID, OBSOLETE, DEACTIVATION_DATE, ACTIVATION_DATE, TYPE_ID) VALUES (1655, 'Albania - Mobile Vodafone', 2, 0, '2099-12-31', '2008-01-01', 2);
INSERT INTO operator (OPERATOR_ID, OPERATOR_NAME, COUNTRY_ID, OBSOLETE, DEACTIVATION_DATE, ACTIVATION_DATE, TYPE_ID) VALUES (1656, 'Albania - Proper', 2, 0, '2099-12-31', '2008-01-01', 1);
INSERT INTO operator (OPERATOR_ID, OPERATOR_NAME, COUNTRY_ID, OBSOLETE, DEACTIVATION_DATE, ACTIVATION_DATE, TYPE_ID) VALUES (1657, 'Albania - Tirana', 2, 0, '2099-12-31', '2008-01-01', 1);
INSERT INTO operator (OPERATOR_ID, OPERATOR_NAME, COUNTRY_ID, OBSOLETE, DEACTIVATION_DATE, ACTIVATION_DATE, TYPE_ID) VALUES (1658, 'Algeria - Algiers', 3, 0, '2099-12-31', '2008-01-01', 1);
INSERT INTO operator (OPERATOR_ID, OPERATOR_NAME, COUNTRY_ID, OBSOLETE, DEACTIVATION_DATE, ACTIVATION_DATE, TYPE_ID) VALUES (1659, 'Algeria - Mobile AMN', 3, 0, '2099-12-31', '2008-01-01', 2);
INSERT INTO operator (OPERATOR_ID, OPERATOR_NAME, COUNTRY_ID, OBSOLETE, DEACTIVATION_DATE, ACTIVATION_DATE, TYPE_ID) VALUES (1660, 'Algeria - Mobile CAT', 3, 0, '2099-12-31', '2008-01-01', 2);
INSERT INTO operator (OPERATOR_ID, OPERATOR_NAME, COUNTRY_ID, OBSOLETE, DEACTIVATION_DATE, ACTIVATION_DATE, TYPE_ID) VALUES (1661, 'Algeria - Mobile Mobilis', 3, 0, '2099-12-31', '2008-01-01', 2);
INSERT INTO operator (OPERATOR_ID, OPERATOR_NAME, COUNTRY_ID, OBSOLETE, DEACTIVATION_DATE, ACTIVATION_DATE, TYPE_ID) VALUES (1662, 'Algeria - Mobile Orascom', 3, 0, '2099-12-31', '2008-01-01', 2);
INSERT INTO operator (OPERATOR_ID, OPERATOR_NAME, COUNTRY_ID, OBSOLETE, DEACTIVATION_DATE, ACTIVATION_DATE, TYPE_ID) VALUES (1663, 'Algeria - Mobile Wataniya', 3, 0, '2099-12-31', '2008-01-01', 2);
INSERT INTO operator (OPERATOR_ID, OPERATOR_NAME, COUNTRY_ID, OBSOLETE, DEACTIVATION_DATE, ACTIVATION_DATE, TYPE_ID) VALUES (1664, 'Algeria - Proper', 3, 0, '2099-12-31', '2008-01-01', 1);
INSERT INTO operator (OPERATOR_ID, OPERATOR_NAME, COUNTRY_ID, OBSOLETE, DEACTIVATION_DATE, ACTIVATION_DATE, TYPE_ID) VALUES (1665, 'American Samoa - Mobile Astca', 4, 0, '2099-12-31', '2008-01-01', 2);
INSERT INTO operator (OPERATOR_ID, OPERATOR_NAME, COUNTRY_ID, OBSOLETE, DEACTIVATION_DATE, ACTIVATION_DATE, TYPE_ID) VALUES (1666, 'American Samoa - Mobile BlueSky', 4, 0, '2099-12-31', '2008-01-01', 2);
INSERT INTO operator (OPERATOR_ID, OPERATOR_NAME, COUNTRY_ID, OBSOLETE, DEACTIVATION_DATE, ACTIVATION_DATE, TYPE_ID) VALUES (1667, 'American Samoa - Proper', 4, 0, '2099-12-31', '2008-01-01', 1);
INSERT INTO operator (OPERATOR_ID, OPERATOR_NAME, COUNTRY_ID, OBSOLETE, DEACTIVATION_DATE, ACTIVATION_DATE, TYPE_ID) VALUES (1668, 'Andorra - Mobile Mobiland', 5, 0, '2099-12-31', '2008-01-01', 2);
INSERT INTO operator (OPERATOR_ID, OPERATOR_NAME, COUNTRY_ID, OBSOLETE, DEACTIVATION_DATE, ACTIVATION_DATE, TYPE_ID) VALUES (1669, 'Andorra - Proper', 5, 0, '2099-12-31', '2008-01-01', 1);
INSERT INTO operator (OPERATOR_ID, OPERATOR_NAME, COUNTRY_ID, OBSOLETE, DEACTIVATION_DATE, ACTIVATION_DATE, TYPE_ID) VALUES (1670, 'Angola - Mobile Movicel', 6, 0, '2099-12-31', '2008-01-01', 2);
INSERT INTO operator (OPERATOR_ID, OPERATOR_NAME, COUNTRY_ID, OBSOLETE, DEACTIVATION_DATE, ACTIVATION_DATE, TYPE_ID) VALUES (1671, 'Angola - Mobile Other', 6, 0, '2099-12-31', '2008-01-01', 2);
INSERT INTO operator (OPERATOR_ID, OPERATOR_NAME, COUNTRY_ID, OBSOLETE, DEACTIVATION_DATE, ACTIVATION_DATE, TYPE_ID) VALUES (1672, 'Angola - Mobile Unitel', 6, 0, '2099-12-31', '2008-01-01', 2);
INSERT INTO operator (OPERATOR_ID, OPERATOR_NAME, COUNTRY_ID, OBSOLETE, DEACTIVATION_DATE, ACTIVATION_DATE, TYPE_ID) VALUES (1673, 'Angola - Proper', 6, 0, '2099-12-31', '2008-01-01', 1);
INSERT INTO operator (OPERATOR_ID, OPERATOR_NAME, COUNTRY_ID, OBSOLETE, DEACTIVATION_DATE, ACTIVATION_DATE, TYPE_ID) VALUES (1674, 'Anguilla - Mobile C and W Anguilla', 7, 0, '2099-12-31', '2008-01-01', 2);
INSERT INTO operator (OPERATOR_ID, OPERATOR_NAME, COUNTRY_ID, OBSOLETE, DEACTIVATION_DATE, ACTIVATION_DATE, TYPE_ID) VALUES (1675, 'Anguilla - Mobile Digicel Anguilla', 7, 0, '2099-12-31', '2008-01-01', 2);
INSERT INTO operator (OPERATOR_ID, OPERATOR_NAME, COUNTRY_ID, OBSOLETE, DEACTIVATION_DATE, ACTIVATION_DATE, TYPE_ID) VALUES (1676, 'Anguilla - Proper', 7, 0, '2099-12-31', '2008-01-01', 1);
INSERT INTO operator (OPERATOR_ID, OPERATOR_NAME, COUNTRY_ID, OBSOLETE, DEACTIVATION_DATE, ACTIVATION_DATE, TYPE_ID) VALUES (1677, 'Antartic - Proper', 8, 0, '2099-12-31', '2008-01-01', 1);
INSERT INTO operator (OPERATOR_ID, OPERATOR_NAME, COUNTRY_ID, OBSOLETE, DEACTIVATION_DATE, ACTIVATION_DATE, TYPE_ID) VALUES (1678, 'Antigua & Barbuda - Mobile Antigua', 9, 0, '2099-12-31', '2008-01-01', 2);
INSERT INTO operator (OPERATOR_ID, OPERATOR_NAME, COUNTRY_ID, OBSOLETE, DEACTIVATION_DATE, ACTIVATION_DATE, TYPE_ID) VALUES (1679, 'Antigua & Barbuda - Mobile C and W Antigua', 9, 0, '2099-12-31', '2008-01-01', 2);
INSERT INTO operator (OPERATOR_ID, OPERATOR_NAME, COUNTRY_ID, OBSOLETE, DEACTIVATION_DATE, ACTIVATION_DATE, TYPE_ID) VALUES (1680, 'Antigua & Barbuda - Mobile Other', 9, 0, '2099-12-31', '2008-01-01', 2);
INSERT INTO operator (OPERATOR_ID, OPERATOR_NAME, COUNTRY_ID, OBSOLETE, DEACTIVATION_DATE, ACTIVATION_DATE, TYPE_ID) VALUES (1681, 'Antigua & Barbuda - Proper', 9, 0, '2099-12-31', '2008-01-01', 1);
INSERT INTO operator (OPERATOR_ID, OPERATOR_NAME, COUNTRY_ID, OBSOLETE, DEACTIVATION_DATE, ACTIVATION_DATE, TYPE_ID) VALUES (1682, 'Argentina - Buenos Aires', 10, 0, '2099-12-31', '2008-01-01', 1);
INSERT INTO operator (OPERATOR_ID, OPERATOR_NAME, COUNTRY_ID, OBSOLETE, DEACTIVATION_DATE, ACTIVATION_DATE, TYPE_ID) VALUES (1683, 'Argentina - Cordoba', 10, 0, '2099-12-31', '2008-01-01', 1);
INSERT INTO operator (OPERATOR_ID, OPERATOR_NAME, COUNTRY_ID, OBSOLETE, DEACTIVATION_DATE, ACTIVATION_DATE, TYPE_ID) VALUES (1684, 'Argentina - Mendoza', 10, 0, '2099-12-31', '2008-01-01', 1);
INSERT INTO operator (OPERATOR_ID, OPERATOR_NAME, COUNTRY_ID, OBSOLETE, DEACTIVATION_DATE, ACTIVATION_DATE, TYPE_ID) VALUES (1685, 'Argentina - Mobile Other', 10, 0, '2099-12-31', '2008-01-01', 2);
INSERT INTO operator (OPERATOR_ID, OPERATOR_NAME, COUNTRY_ID, OBSOLETE, DEACTIVATION_DATE, ACTIVATION_DATE, TYPE_ID) VALUES (1686, 'Argentina - Proper', 10, 0, '2099-12-31', '2008-01-01', 1);
INSERT INTO operator (OPERATOR_ID, OPERATOR_NAME, COUNTRY_ID, OBSOLETE, DEACTIVATION_DATE, ACTIVATION_DATE, TYPE_ID) VALUES (1687, 'Argentina - Rosario', 10, 0, '2099-12-31', '2008-01-01', 1);
INSERT INTO operator (OPERATOR_ID, OPERATOR_NAME, COUNTRY_ID, OBSOLETE, DEACTIVATION_DATE, ACTIVATION_DATE, TYPE_ID) VALUES (1688, 'Armenia - Mobile ArmenTel', 11, 0, '2099-12-31', '2008-01-01', 2);
INSERT INTO operator (OPERATOR_ID, OPERATOR_NAME, COUNTRY_ID, OBSOLETE, DEACTIVATION_DATE, ACTIVATION_DATE, TYPE_ID) VALUES (1689, 'Armenia - Mobile Karabakh', 11, 0, '2099-12-31', '2008-01-01', 2);
INSERT INTO operator (OPERATOR_ID, OPERATOR_NAME, COUNTRY_ID, OBSOLETE, DEACTIVATION_DATE, ACTIVATION_DATE, TYPE_ID) VALUES (1690, 'Armenia - Mobile Other', 11, 0, '2099-12-31', '2008-01-01', 2);
INSERT INTO operator (OPERATOR_ID, OPERATOR_NAME, COUNTRY_ID, OBSOLETE, DEACTIVATION_DATE, ACTIVATION_DATE, TYPE_ID) VALUES (1691, 'Armenia - Mobile VivaCel', 11, 0, '2099-12-31', '2008-01-01', 2);
INSERT INTO operator (OPERATOR_ID, OPERATOR_NAME, COUNTRY_ID, OBSOLETE, DEACTIVATION_DATE, ACTIVATION_DATE, TYPE_ID) VALUES (1692, 'Armenia - Proper', 11, 0, '2099-12-31', '2008-01-01', 1);
INSERT INTO operator (OPERATOR_ID, OPERATOR_NAME, COUNTRY_ID, OBSOLETE, DEACTIVATION_DATE, ACTIVATION_DATE, TYPE_ID) VALUES (1693, 'Armenia - Yerevan', 11, 0, '2099-12-31', '2008-01-01', 1);
INSERT INTO operator (OPERATOR_ID, OPERATOR_NAME, COUNTRY_ID, OBSOLETE, DEACTIVATION_DATE, ACTIVATION_DATE, TYPE_ID) VALUES (1694, 'Aruba - Mobile Digicel', 12, 0, '2099-12-31', '2008-01-01', 2);
INSERT INTO operator (OPERATOR_ID, OPERATOR_NAME, COUNTRY_ID, OBSOLETE, DEACTIVATION_DATE, ACTIVATION_DATE, TYPE_ID) VALUES (1695, 'Aruba - Mobile Other', 12, 0, '2099-12-31', '2008-01-01', 2);
INSERT INTO operator (OPERATOR_ID, OPERATOR_NAME, COUNTRY_ID, OBSOLETE, DEACTIVATION_DATE, ACTIVATION_DATE, TYPE_ID) VALUES (1696, 'Aruba - Mobile Setar', 12, 0, '2099-12-31', '2008-01-01', 2);
INSERT INTO operator (OPERATOR_ID, OPERATOR_NAME, COUNTRY_ID, OBSOLETE, DEACTIVATION_DATE, ACTIVATION_DATE, TYPE_ID) VALUES (1697, 'Aruba - Proper', 12, 0, '2099-12-31', '2008-01-01', 1);
INSERT INTO operator (OPERATOR_ID, OPERATOR_NAME, COUNTRY_ID, OBSOLETE, DEACTIVATION_DATE, ACTIVATION_DATE, TYPE_ID) VALUES (1699, 'Australia - Adelaide', 13, 0, '2099-12-31', '2008-01-01', 1);
INSERT INTO operator (OPERATOR_ID, OPERATOR_NAME, COUNTRY_ID, OBSOLETE, DEACTIVATION_DATE, ACTIVATION_DATE, TYPE_ID) VALUES (1700, 'Australia - Adelaide AAPT', 13, 1, '2011-03-28', '2008-01-01', 1);
INSERT INTO operator (OPERATOR_ID, OPERATOR_NAME, COUNTRY_ID, OBSOLETE, DEACTIVATION_DATE, ACTIVATION_DATE, TYPE_ID) VALUES (1701, 'Australia - Adelaide Singtel', 13, 1, '2011-03-28', '2008-01-01', 1);
INSERT INTO operator (OPERATOR_ID, OPERATOR_NAME, COUNTRY_ID, OBSOLETE, DEACTIVATION_DATE, ACTIVATION_DATE, TYPE_ID) VALUES (1702, 'Australia - Adelaide WX', 13, 1, '2011-03-28', '2008-01-01', 1);
INSERT INTO operator (OPERATOR_ID, OPERATOR_NAME, COUNTRY_ID, OBSOLETE, DEACTIVATION_DATE, ACTIVATION_DATE, TYPE_ID) VALUES (1703, 'Australia - Brisbane', 13, 0, '2099-12-31', '2008-01-01', 1);
INSERT INTO operator (OPERATOR_ID, OPERATOR_NAME, COUNTRY_ID, OBSOLETE, DEACTIVATION_DATE, ACTIVATION_DATE, TYPE_ID) VALUES (1704, 'Australia - Canberra', 13, 0, '2099-12-31', '2008-01-01', 1);
INSERT INTO operator (OPERATOR_ID, OPERATOR_NAME, COUNTRY_ID, OBSOLETE, DEACTIVATION_DATE, ACTIVATION_DATE, TYPE_ID) VALUES (1705, 'Australia - Melbourne', 13, 0, '2099-12-31', '2008-01-01', 1);
INSERT INTO operator (OPERATOR_ID, OPERATOR_NAME, COUNTRY_ID, OBSOLETE, DEACTIVATION_DATE, ACTIVATION_DATE, TYPE_ID) VALUES (1706, 'Australia - Mobile Other', 13, 0, '2099-12-31', '2011-03-29', 2);
INSERT INTO operator (OPERATOR_ID, OPERATOR_NAME, COUNTRY_ID, OBSOLETE, DEACTIVATION_DATE, ACTIVATION_DATE, TYPE_ID) VALUES (1707, 'Australia - Proper', 13, 0, '2099-12-31', '2008-01-01', 1);
INSERT INTO operator (OPERATOR_ID, OPERATOR_NAME, COUNTRY_ID, OBSOLETE, DEACTIVATION_DATE, ACTIVATION_DATE, TYPE_ID) VALUES (1708, 'Australia - Sydney', 13, 0, '2099-12-31', '2008-01-01', 1);
INSERT INTO operator (OPERATOR_ID, OPERATOR_NAME, COUNTRY_ID, OBSOLETE, DEACTIVATION_DATE, ACTIVATION_DATE, TYPE_ID) VALUES (1710, 'Austria - Mobile Connect', 14, 0, '2099-12-31', '2008-01-01', 2);
INSERT INTO operator (OPERATOR_ID, OPERATOR_NAME, COUNTRY_ID, OBSOLETE, DEACTIVATION_DATE, ACTIVATION_DATE, TYPE_ID) VALUES (1711, 'Austria - Mobile H3G', 14, 0, '2099-12-31', '2008-01-01', 2);
INSERT INTO operator (OPERATOR_ID, OPERATOR_NAME, COUNTRY_ID, OBSOLETE, DEACTIVATION_DATE, ACTIVATION_DATE, TYPE_ID) VALUES (1712, 'Austria - Mobile Kosovo Mobilkom', 14, 0, '2099-12-31', '2008-01-01', 2);
INSERT INTO operator (OPERATOR_ID, OPERATOR_NAME, COUNTRY_ID, OBSOLETE, DEACTIVATION_DATE, ACTIVATION_DATE, TYPE_ID) VALUES (1713, 'Austria - Mobile Mobilkom', 14, 0, '2099-12-31', '2008-01-01', 2);
INSERT INTO operator (OPERATOR_ID, OPERATOR_NAME, COUNTRY_ID, OBSOLETE, DEACTIVATION_DATE, ACTIVATION_DATE, TYPE_ID) VALUES (1714, 'Austria - Mobile One', 14, 0, '2099-12-31', '2008-01-01', 2);
INSERT INTO operator (OPERATOR_ID, OPERATOR_NAME, COUNTRY_ID, OBSOLETE, DEACTIVATION_DATE, ACTIVATION_DATE, TYPE_ID) VALUES (1715, 'Austria - Mobile Other', 14, 0, '2099-12-31', '2008-01-01', 2);
INSERT INTO operator (OPERATOR_ID, OPERATOR_NAME, COUNTRY_ID, OBSOLETE, DEACTIVATION_DATE, ACTIVATION_DATE, TYPE_ID) VALUES (1716, 'Austria - Mobile Tele2', 14, 0, '2099-12-31', '2008-01-01', 2);
INSERT INTO operator (OPERATOR_ID, OPERATOR_NAME, COUNTRY_ID, OBSOLETE, DEACTIVATION_DATE, ACTIVATION_DATE, TYPE_ID) VALUES (1717, 'Austria - Mobile Telekom', 14, 0, '2099-12-31', '2008-01-01', 2);
INSERT INTO operator (OPERATOR_ID, OPERATOR_NAME, COUNTRY_ID, OBSOLETE, DEACTIVATION_DATE, ACTIVATION_DATE, TYPE_ID) VALUES (1718, 'Austria - Mobile Telering', 14, 0, '2099-12-31', '2008-01-01', 2);
INSERT INTO operator (OPERATOR_ID, OPERATOR_NAME, COUNTRY_ID, OBSOLETE, DEACTIVATION_DATE, ACTIVATION_DATE, TYPE_ID) VALUES (1719, 'Austria - Mobile T-Mobile', 14, 0, '2099-12-31', '2008-01-01', 2);
INSERT INTO operator (OPERATOR_ID, OPERATOR_NAME, COUNTRY_ID, OBSOLETE, DEACTIVATION_DATE, ACTIVATION_DATE, TYPE_ID) VALUES (1720, 'Austria - Personal Numbers', 14, 0, '2099-12-31', '2008-01-01', 1);
INSERT INTO operator (OPERATOR_ID, OPERATOR_NAME, COUNTRY_ID, OBSOLETE, DEACTIVATION_DATE, ACTIVATION_DATE, TYPE_ID) VALUES (1721, 'Austria - Proper', 14, 0, '2099-12-31', '2008-01-01', 1);
INSERT INTO operator (OPERATOR_ID, OPERATOR_NAME, COUNTRY_ID, OBSOLETE, DEACTIVATION_DATE, ACTIVATION_DATE, TYPE_ID) VALUES (1722, 'Austria - Vienna', 14, 0, '2099-12-31', '2008-01-01', 1);
INSERT INTO operator (OPERATOR_ID, OPERATOR_NAME, COUNTRY_ID, OBSOLETE, DEACTIVATION_DATE, ACTIVATION_DATE, TYPE_ID) VALUES (2947, 'Afghanistan - Mobile AT', 1, 0, '2099-12-31', '2010-07-22', 2);
INSERT INTO operator (OPERATOR_ID, OPERATOR_NAME, COUNTRY_ID, OBSOLETE, DEACTIVATION_DATE, ACTIVATION_DATE, TYPE_ID) VALUES (2958, 'Armenia - Karabakh', 11, 0, '2099-12-31', '2010-11-01', 1);
INSERT INTO operator (OPERATOR_ID, OPERATOR_NAME, COUNTRY_ID, OBSOLETE, DEACTIVATION_DATE, ACTIVATION_DATE, TYPE_ID) VALUES (2959, 'Armenia - Mobile Orange', 11, 0, '2099-12-31', '2010-11-01', 2);
INSERT INTO operator (OPERATOR_ID, OPERATOR_NAME, COUNTRY_ID, OBSOLETE, DEACTIVATION_DATE, ACTIVATION_DATE, TYPE_ID) VALUES (2960, 'Albania - Mobile Eagle', 2, 0, '2099-12-31', '2010-11-01', 2);
INSERT INTO operator (OPERATOR_ID, OPERATOR_NAME, COUNTRY_ID, OBSOLETE, DEACTIVATION_DATE, ACTIVATION_DATE, TYPE_ID) VALUES (2961, 'Albania - Mobile Plus', 2, 0, '2099-12-31', '2010-11-01', 2);
INSERT INTO operator (OPERATOR_ID, OPERATOR_NAME, COUNTRY_ID, OBSOLETE, DEACTIVATION_DATE, ACTIVATION_DATE, TYPE_ID) VALUES (2977, 'Argentina - La Plata', 10, 0, '2099-12-31', '2010-12-28', 1);
INSERT INTO operator (OPERATOR_ID, OPERATOR_NAME, COUNTRY_ID, OBSOLETE, DEACTIVATION_DATE, ACTIVATION_DATE, TYPE_ID) VALUES (2987, 'Argentina - Mobile Buenos Aires', 10, 0, '2099-12-31', '2010-12-30', 2);
INSERT INTO operator (OPERATOR_ID, OPERATOR_NAME, COUNTRY_ID, OBSOLETE, DEACTIVATION_DATE, ACTIVATION_DATE, TYPE_ID) VALUES (3028, 'Australia - Mobile Vodafone', 13, 0, '2099-12-31', '2011-03-29', 2);
INSERT INTO operator (OPERATOR_ID, OPERATOR_NAME, COUNTRY_ID, OBSOLETE, DEACTIVATION_DATE, ACTIVATION_DATE, TYPE_ID) VALUES (3029, 'Australia - Mobile Telstra', 13, 0, '2099-12-31', '2011-03-29', 2);
INSERT INTO operator (OPERATOR_ID, OPERATOR_NAME, COUNTRY_ID, OBSOLETE, DEACTIVATION_DATE, ACTIVATION_DATE, TYPE_ID) VALUES (3030, 'Australia - Mobile Optus', 13, 0, '2099-12-31', '2011-03-29', 2);
INSERT INTO operator (OPERATOR_ID, OPERATOR_NAME, COUNTRY_ID, OBSOLETE, DEACTIVATION_DATE, ACTIVATION_DATE, TYPE_ID) VALUES (3032, 'Australia - Mobile Hutchison', 13, 0, '2099-12-31', '2011-03-29', 2);
INSERT INTO operator (OPERATOR_ID, OPERATOR_NAME, COUNTRY_ID, OBSOLETE, DEACTIVATION_DATE, ACTIVATION_DATE, TYPE_ID) VALUES (3033, 'Australia - Satellite Telstra', 13, 0, '2099-12-31', '2011-03-29', 2);
INSERT INTO operator (OPERATOR_ID, OPERATOR_NAME, COUNTRY_ID, OBSOLETE, DEACTIVATION_DATE, ACTIVATION_DATE, TYPE_ID) VALUES (3034, 'Australia - Satellite Optus', 13, 0, '2099-12-31', '2011-03-29', 2);
INSERT INTO operator (OPERATOR_ID, OPERATOR_NAME, COUNTRY_ID, OBSOLETE, DEACTIVATION_DATE, ACTIVATION_DATE, TYPE_ID) VALUES (3035, 'Australia - Perth', 13, 0, '2099-12-31', '2011-03-29', 1);
INSERT INTO operator (OPERATOR_ID, OPERATOR_NAME, COUNTRY_ID, OBSOLETE, DEACTIVATION_DATE, ACTIVATION_DATE, TYPE_ID) VALUES (3038, 'Algeria - Mobile Other', 3, 0, '2099-12-31', '2011-04-14', 2);
INSERT INTO operator (OPERATOR_ID, OPERATOR_NAME, COUNTRY_ID, OBSOLETE, DEACTIVATION_DATE, ACTIVATION_DATE, TYPE_ID) VALUES (3170, 'Australia - Special Services', 13, 0, '2099-12-31', '2012-11-21', 1);
INSERT INTO operator (OPERATOR_ID, OPERATOR_NAME, COUNTRY_ID, OBSOLETE, DEACTIVATION_DATE, ACTIVATION_DATE, TYPE_ID) VALUES (3184, 'Argentina - Mar del Plata', 10, 0, '2099-12-31', '2013-01-28', 1);
INSERT INTO operator (OPERATOR_ID, OPERATOR_NAME, COUNTRY_ID, OBSOLETE, DEACTIVATION_DATE, ACTIVATION_DATE, TYPE_ID) VALUES (3563, 'Algeria - CAT', 3, 0, '2099-12-31', '2014-06-30', 1);
INSERT INTO operator (OPERATOR_ID, OPERATOR_NAME, COUNTRY_ID, OBSOLETE, DEACTIVATION_DATE, ACTIVATION_DATE, TYPE_ID) VALUES (3654, 'Albania - Fixed AMC', 2, 0, '2099-12-31', '2014-11-07', 1);
INSERT INTO operator (OPERATOR_ID, OPERATOR_NAME, COUNTRY_ID, OBSOLETE, DEACTIVATION_DATE, ACTIVATION_DATE, TYPE_ID) VALUES (3753, 'Albania - Centralcom', 2, 0, '2099-12-31', '2016-05-10', 1);
INSERT INTO operator (OPERATOR_ID, OPERATOR_NAME, COUNTRY_ID, OBSOLETE, DEACTIVATION_DATE, ACTIVATION_DATE, TYPE_ID) VALUES (3754, 'Albania - Centralcom', 2, 0, '2099-12-31', '2016-05-16', 1);


INSERT INTO operator_code (OPERATOR_CODE_ID, CODE, OPERATOR_NAME, OPERATOR_ID, ENABLED, DEACTIVATION_DATE, ACTIVATION_DATE, country_id) VALUES (110695, 9320, 'Afghanistan - Kabul/9320', 1647, true, '2099-12-31', '2008-01-01', 1);
INSERT INTO operator_code (OPERATOR_CODE_ID, CODE, OPERATOR_NAME, OPERATOR_ID, ENABLED, DEACTIVATION_DATE, ACTIVATION_DATE, country_id) VALUES (110696, 9370, 'Afghanistan - Mobile AWCC/9370', 1648, true, '2099-12-31', '2008-01-01', 1);
INSERT INTO operator_code (OPERATOR_CODE_ID, CODE, OPERATOR_NAME, OPERATOR_ID, ENABLED, DEACTIVATION_DATE, ACTIVATION_DATE, country_id) VALUES (110697, 9378, 'Afghanistan - Mobile Etisalat/9378', 1649, true, '2099-12-31', '2008-01-01', 1);
INSERT INTO operator_code (OPERATOR_CODE_ID, CODE, OPERATOR_NAME, OPERATOR_ID, ENABLED, DEACTIVATION_DATE, ACTIVATION_DATE, country_id) VALUES (110698, 9377, 'Afghanistan - Mobile MTN/9377', 1650, true, '2099-12-31', '2008-01-01', 1);
INSERT INTO operator_code (OPERATOR_CODE_ID, CODE, OPERATOR_NAME, OPERATOR_ID, ENABLED, DEACTIVATION_DATE, ACTIVATION_DATE, country_id) VALUES (110699, 937, 'Afghanistan - Mobile Other/937', 1651, true, '2099-12-31', '2008-01-01', 1);
INSERT INTO operator_code (OPERATOR_CODE_ID, CODE, OPERATOR_NAME, OPERATOR_ID, ENABLED, DEACTIVATION_DATE, ACTIVATION_DATE, country_id) VALUES (110700, 9379, 'Afghanistan - Mobile Roshan/9379', 1652, true, '2099-12-31', '2008-01-01', 1);
INSERT INTO operator_code (OPERATOR_CODE_ID, CODE, OPERATOR_NAME, OPERATOR_ID, ENABLED, DEACTIVATION_DATE, ACTIVATION_DATE, country_id) VALUES (110701, 93, 'Afghanistan - Proper/93', 1653, true, '2099-12-31', '2008-01-01', 1);
INSERT INTO operator_code (OPERATOR_CODE_ID, CODE, OPERATOR_NAME, OPERATOR_ID, ENABLED, DEACTIVATION_DATE, ACTIVATION_DATE, country_id) VALUES (110702, 35568, 'Albania - Mobile AMC/35568', 1654, true, '2099-12-31', '2008-01-01', 2);
INSERT INTO operator_code (OPERATOR_CODE_ID, CODE, OPERATOR_NAME, OPERATOR_ID, ENABLED, DEACTIVATION_DATE, ACTIVATION_DATE, country_id) VALUES (110703, 35569, 'Albania - Mobile Vodafone/35569', 1655, true, '2099-12-31', '2008-01-01', 2);
INSERT INTO operator_code (OPERATOR_CODE_ID, CODE, OPERATOR_NAME, OPERATOR_ID, ENABLED, DEACTIVATION_DATE, ACTIVATION_DATE, country_id) VALUES (110704, 355, 'Albania - Proper/355', 1656, true, '2099-12-31', '2008-01-01', 2);
INSERT INTO operator_code (OPERATOR_CODE_ID, CODE, OPERATOR_NAME, OPERATOR_ID, ENABLED, DEACTIVATION_DATE, ACTIVATION_DATE, country_id) VALUES (110705, 3554, 'Albania - Tirana/3554', 1657, true, '2014-11-07', '2008-01-01', 2);
INSERT INTO operator_code (OPERATOR_CODE_ID, CODE, OPERATOR_NAME, OPERATOR_ID, ENABLED, DEACTIVATION_DATE, ACTIVATION_DATE, country_id) VALUES (110706, 21321, 'Algeria - Algiers/21321', 1658, true, '2099-12-31', '2008-01-01', 3);
INSERT INTO operator_code (OPERATOR_CODE_ID, CODE, OPERATOR_NAME, OPERATOR_ID, ENABLED, DEACTIVATION_DATE, ACTIVATION_DATE, country_id) VALUES (110707, 2136, 'Algeria - Mobile AMN/2136', 1659, true, '2013-05-23', '2008-01-01', 3);
INSERT INTO operator_code (OPERATOR_CODE_ID, CODE, OPERATOR_NAME, OPERATOR_ID, ENABLED, DEACTIVATION_DATE, ACTIVATION_DATE, country_id) VALUES (110708, 21396, 'Algeria - Mobile AMN/21396', 1659, true, '2013-05-22', '2008-01-01', 3);
INSERT INTO operator_code (OPERATOR_CODE_ID, CODE, OPERATOR_NAME, OPERATOR_ID, ENABLED, DEACTIVATION_DATE, ACTIVATION_DATE, country_id) VALUES (110709, 2131, 'Algeria - Mobile CAT/2131', 1660, true, '2013-05-23', '2008-01-01', 3);
INSERT INTO operator_code (OPERATOR_CODE_ID, CODE, OPERATOR_NAME, OPERATOR_ID, ENABLED, DEACTIVATION_DATE, ACTIVATION_DATE, country_id) VALUES (110710, 21366, 'Algeria - Mobile Mobilis/21366', 1661, true, '2013-05-22', '2008-01-01', 3);
INSERT INTO operator_code (OPERATOR_CODE_ID, CODE, OPERATOR_NAME, OPERATOR_ID, ENABLED, DEACTIVATION_DATE, ACTIVATION_DATE, country_id) VALUES (110711, 21369, 'Algeria - Mobile Mobilis/21369', 1661, true, '2013-05-22', '2008-01-01', 3);
INSERT INTO operator_code (OPERATOR_CODE_ID, CODE, OPERATOR_NAME, OPERATOR_ID, ENABLED, DEACTIVATION_DATE, ACTIVATION_DATE, country_id) VALUES (110712, 21377, 'Algeria - Mobile Orascom/21377', 1662, true, '2099-12-31', '2008-01-01', 3);
INSERT INTO operator_code (OPERATOR_CODE_ID, CODE, OPERATOR_NAME, OPERATOR_ID, ENABLED, DEACTIVATION_DATE, ACTIVATION_DATE, country_id) VALUES (110713, 21379, 'Algeria - Mobile Orascom/21379', 1662, true, '2099-12-31', '2008-01-01', 3);
INSERT INTO operator_code (OPERATOR_CODE_ID, CODE, OPERATOR_NAME, OPERATOR_ID, ENABLED, DEACTIVATION_DATE, ACTIVATION_DATE, country_id) VALUES (110714, 21355, 'Algeria - Mobile Wataniya/21355', 1663, true, '2009-12-29', '2008-01-01', 3);
INSERT INTO operator_code (OPERATOR_CODE_ID, CODE, OPERATOR_NAME, OPERATOR_ID, ENABLED, DEACTIVATION_DATE, ACTIVATION_DATE, country_id) VALUES (110715, 213, 'Algeria - Proper/213', 1664, true, '2099-12-31', '2008-01-01', 3);
INSERT INTO operator_code (OPERATOR_CODE_ID, CODE, OPERATOR_NAME, OPERATOR_ID, ENABLED, DEACTIVATION_DATE, ACTIVATION_DATE, country_id) VALUES (110716, 16847, 'American Samoa - Mobile Astca/16847', 1665, true, '2099-12-31', '2008-01-01', 4);
INSERT INTO operator_code (OPERATOR_CODE_ID, CODE, OPERATOR_NAME, OPERATOR_ID, ENABLED, DEACTIVATION_DATE, ACTIVATION_DATE, country_id) VALUES (110717, 16842, 'American Samoa - Mobile BlueSky/16842', 1666, true, '2099-12-31', '2008-01-01', 4);
INSERT INTO operator_code (OPERATOR_CODE_ID, CODE, OPERATOR_NAME, OPERATOR_ID, ENABLED, DEACTIVATION_DATE, ACTIVATION_DATE, country_id) VALUES (110718, 1684, 'American Samoa - Proper/1684', 1667, true, '2099-12-31', '2008-01-01', 4);
INSERT INTO operator_code (OPERATOR_CODE_ID, CODE, OPERATOR_NAME, OPERATOR_ID, ENABLED, DEACTIVATION_DATE, ACTIVATION_DATE, country_id) VALUES (110719, 3763, 'Andorra - Mobile Mobiland/3763', 1668, true, '2099-12-31', '2008-01-01', 5);
INSERT INTO operator_code (OPERATOR_CODE_ID, CODE, OPERATOR_NAME, OPERATOR_ID, ENABLED, DEACTIVATION_DATE, ACTIVATION_DATE, country_id) VALUES (110720, 3764, 'Andorra - Mobile Mobiland/3764', 1668, true, '2099-12-31', '2008-01-01', 5);
INSERT INTO operator_code (OPERATOR_CODE_ID, CODE, OPERATOR_NAME, OPERATOR_ID, ENABLED, DEACTIVATION_DATE, ACTIVATION_DATE, country_id) VALUES (110721, 3766, 'Andorra - Mobile Mobiland/3766', 1668, true, '2099-12-31', '2008-01-01', 5);
INSERT INTO operator_code (OPERATOR_CODE_ID, CODE, OPERATOR_NAME, OPERATOR_ID, ENABLED, DEACTIVATION_DATE, ACTIVATION_DATE, country_id) VALUES (110722, 376, 'Andorra - Proper/376', 1669, true, '2099-12-31', '2008-01-01', 5);
INSERT INTO operator_code (OPERATOR_CODE_ID, CODE, OPERATOR_NAME, OPERATOR_ID, ENABLED, DEACTIVATION_DATE, ACTIVATION_DATE, country_id) VALUES (110723, 24491, 'Angola - Mobile Movicel/24491', 1670, true, '2099-12-31', '2008-01-01', 6);
INSERT INTO operator_code (OPERATOR_CODE_ID, CODE, OPERATOR_NAME, OPERATOR_ID, ENABLED, DEACTIVATION_DATE, ACTIVATION_DATE, country_id) VALUES (110724, 2449, 'Angola - Mobile Other/2449', 1671, true, '2099-12-31', '2008-01-01', 6);
INSERT INTO operator_code (OPERATOR_CODE_ID, CODE, OPERATOR_NAME, OPERATOR_ID, ENABLED, DEACTIVATION_DATE, ACTIVATION_DATE, country_id) VALUES (110725, 24492, 'Angola - Mobile Unitel/24492', 1672, true, '2099-12-31', '2008-01-01', 6);
INSERT INTO operator_code (OPERATOR_CODE_ID, CODE, OPERATOR_NAME, OPERATOR_ID, ENABLED, DEACTIVATION_DATE, ACTIVATION_DATE, country_id) VALUES (110726, 244, 'Angola - Proper/244', 1673, true, '2099-12-31', '2008-01-01', 6);
INSERT INTO operator_code (OPERATOR_CODE_ID, CODE, OPERATOR_NAME, OPERATOR_ID, ENABLED, DEACTIVATION_DATE, ACTIVATION_DATE, country_id) VALUES (110727, 1264543, 'Anguilla - Mobile C and W Anguilla/1264543', 1674, true, '2099-12-31', '2008-01-01', 7);
INSERT INTO operator_code (OPERATOR_CODE_ID, CODE, OPERATOR_NAME, OPERATOR_ID, ENABLED, DEACTIVATION_DATE, ACTIVATION_DATE, country_id) VALUES (110728, 1264235, 'Anguilla - Mobile Digicel Anguilla/1264235', 1675, true, '2099-12-31', '2008-01-01', 7);
INSERT INTO operator_code (OPERATOR_CODE_ID, CODE, OPERATOR_NAME, OPERATOR_ID, ENABLED, DEACTIVATION_DATE, ACTIVATION_DATE, country_id) VALUES (110729, 1264469, 'Anguilla - Mobile Digicel Anguilla/1264469', 1675, true, '2099-12-31', '2008-01-01', 7);
INSERT INTO operator_code (OPERATOR_CODE_ID, CODE, OPERATOR_NAME, OPERATOR_ID, ENABLED, DEACTIVATION_DATE, ACTIVATION_DATE, country_id) VALUES (110730, 1264476, 'Anguilla - Mobile Digicel Anguilla/1264476', 1675, true, '2099-12-31', '2008-01-01', 7);
INSERT INTO operator_code (OPERATOR_CODE_ID, CODE, OPERATOR_NAME, OPERATOR_ID, ENABLED, DEACTIVATION_DATE, ACTIVATION_DATE, country_id) VALUES (110731, 1264536, 'Anguilla - Mobile Digicel Anguilla/1264536', 1675, true, '2099-12-31', '2008-01-01', 7);
INSERT INTO operator_code (OPERATOR_CODE_ID, CODE, OPERATOR_NAME, OPERATOR_ID, ENABLED, DEACTIVATION_DATE, ACTIVATION_DATE, country_id) VALUES (110732, 1264537, 'Anguilla - Mobile Digicel Anguilla/1264537', 1675, true, '2099-12-31', '2008-01-01', 7);
INSERT INTO operator_code (OPERATOR_CODE_ID, CODE, OPERATOR_NAME, OPERATOR_ID, ENABLED, DEACTIVATION_DATE, ACTIVATION_DATE, country_id) VALUES (110733, 1264538, 'Anguilla - Mobile Digicel Anguilla/1264538', 1675, true, '2099-12-31', '2008-01-01', 7);
INSERT INTO operator_code (OPERATOR_CODE_ID, CODE, OPERATOR_NAME, OPERATOR_ID, ENABLED, DEACTIVATION_DATE, ACTIVATION_DATE, country_id) VALUES (110734, 1264539, 'Anguilla - Mobile Digicel Anguilla/1264539', 1675, true, '2099-12-31', '2008-01-01', 7);
INSERT INTO operator_code (OPERATOR_CODE_ID, CODE, OPERATOR_NAME, OPERATOR_ID, ENABLED, DEACTIVATION_DATE, ACTIVATION_DATE, country_id) VALUES (110735, 1264581, 'Anguilla - Mobile Digicel Anguilla/1264581', 1675, true, '2099-12-31', '2008-01-01', 7);
INSERT INTO operator_code (OPERATOR_CODE_ID, CODE, OPERATOR_NAME, OPERATOR_ID, ENABLED, DEACTIVATION_DATE, ACTIVATION_DATE, country_id) VALUES (110736, 1264582, 'Anguilla - Mobile Digicel Anguilla/1264582', 1675, true, '2099-12-31', '2008-01-01', 7);
INSERT INTO operator_code (OPERATOR_CODE_ID, CODE, OPERATOR_NAME, OPERATOR_ID, ENABLED, DEACTIVATION_DATE, ACTIVATION_DATE, country_id) VALUES (110737, 1264583, 'Anguilla - Mobile Digicel Anguilla/1264583', 1675, true, '2099-12-31', '2008-01-01', 7);
INSERT INTO operator_code (OPERATOR_CODE_ID, CODE, OPERATOR_NAME, OPERATOR_ID, ENABLED, DEACTIVATION_DATE, ACTIVATION_DATE, country_id) VALUES (110738, 1264584, 'Anguilla - Mobile Digicel Anguilla/1264584', 1675, true, '2099-12-31', '2008-01-01', 7);
INSERT INTO operator_code (OPERATOR_CODE_ID, CODE, OPERATOR_NAME, OPERATOR_ID, ENABLED, DEACTIVATION_DATE, ACTIVATION_DATE, country_id) VALUES (110739, 1264729, 'Anguilla - Mobile Digicel Anguilla/1264729', 1675, true, '2099-12-31', '2008-01-01', 7);
INSERT INTO operator_code (OPERATOR_CODE_ID, CODE, OPERATOR_NAME, OPERATOR_ID, ENABLED, DEACTIVATION_DATE, ACTIVATION_DATE, country_id) VALUES (110740, 1264772, 'Anguilla - Mobile Digicel Anguilla/1264772', 1675, true, '2099-12-31', '2008-01-01', 7);
INSERT INTO operator_code (OPERATOR_CODE_ID, CODE, OPERATOR_NAME, OPERATOR_ID, ENABLED, DEACTIVATION_DATE, ACTIVATION_DATE, country_id) VALUES (110741, 1264, 'Anguilla - Proper/1264', 1676, true, '2099-12-31', '2008-01-01', 7);
INSERT INTO operator_code (OPERATOR_CODE_ID, CODE, OPERATOR_NAME, OPERATOR_ID, ENABLED, DEACTIVATION_DATE, ACTIVATION_DATE, country_id) VALUES (110742, 6721, 'Antartic - Proper/6721', 1677, true, '2099-12-31', '2008-01-01', 8);
INSERT INTO operator_code (OPERATOR_CODE_ID, CODE, OPERATOR_NAME, OPERATOR_ID, ENABLED, DEACTIVATION_DATE, ACTIVATION_DATE, country_id) VALUES (110743, 1268780, 'Antigua & Barbuda - Mobile Antigua/1268780', 1678, true, '2099-12-31', '2008-01-01', 9);
INSERT INTO operator_code (OPERATOR_CODE_ID, CODE, OPERATOR_NAME, OPERATOR_ID, ENABLED, DEACTIVATION_DATE, ACTIVATION_DATE, country_id) VALUES (110744, 1268464, 'Antigua & Barbuda - Mobile C and W Antigua/1268464', 1679, true, '2099-12-31', '2008-01-01', 9);
INSERT INTO operator_code (OPERATOR_CODE_ID, CODE, OPERATOR_NAME, OPERATOR_ID, ENABLED, DEACTIVATION_DATE, ACTIVATION_DATE, country_id) VALUES (110745, 1268764, 'Antigua & Barbuda - Mobile C and W Antigua/1268764', 1679, true, '2099-12-31', '2008-01-01', 9);
INSERT INTO operator_code (OPERATOR_CODE_ID, CODE, OPERATOR_NAME, OPERATOR_ID, ENABLED, DEACTIVATION_DATE, ACTIVATION_DATE, country_id) VALUES (110746, 1268770, 'Antigua & Barbuda - Mobile C and W Antigua/1268770', 1679, true, '2099-12-31', '2008-01-01', 9);
INSERT INTO operator_code (OPERATOR_CODE_ID, CODE, OPERATOR_NAME, OPERATOR_ID, ENABLED, DEACTIVATION_DATE, ACTIVATION_DATE, country_id) VALUES (110747, 1268771, 'Antigua & Barbuda - Mobile C and W Antigua/1268771', 1679, true, '2099-12-31', '2008-01-01', 9);
INSERT INTO operator_code (OPERATOR_CODE_ID, CODE, OPERATOR_NAME, OPERATOR_ID, ENABLED, DEACTIVATION_DATE, ACTIVATION_DATE, country_id) VALUES (110748, 1268772, 'Antigua & Barbuda - Mobile C and W Antigua/1268772', 1679, true, '2099-12-31', '2008-01-01', 9);
INSERT INTO operator_code (OPERATOR_CODE_ID, CODE, OPERATOR_NAME, OPERATOR_ID, ENABLED, DEACTIVATION_DATE, ACTIVATION_DATE, country_id) VALUES (110749, 1268773, 'Antigua & Barbuda - Mobile C and W Antigua/1268773', 1679, true, '2099-12-31', '2008-01-01', 9);
INSERT INTO operator_code (OPERATOR_CODE_ID, CODE, OPERATOR_NAME, OPERATOR_ID, ENABLED, DEACTIVATION_DATE, ACTIVATION_DATE, country_id) VALUES (110750, 1268774, 'Antigua & Barbuda - Mobile C and W Antigua/1268774', 1679, true, '2099-12-31', '2008-01-01', 9);
INSERT INTO operator_code (OPERATOR_CODE_ID, CODE, OPERATOR_NAME, OPERATOR_ID, ENABLED, DEACTIVATION_DATE, ACTIVATION_DATE, country_id) VALUES (110751, 1268775, 'Antigua & Barbuda - Mobile C and W Antigua/1268775', 1679, true, '2099-12-31', '2008-01-01', 9);
INSERT INTO operator_code (OPERATOR_CODE_ID, CODE, OPERATOR_NAME, OPERATOR_ID, ENABLED, DEACTIVATION_DATE, ACTIVATION_DATE, country_id) VALUES (110752, 1268776, 'Antigua & Barbuda - Mobile C and W Antigua/1268776', 1679, true, '2099-12-31', '2008-01-01', 9);
INSERT INTO operator_code (OPERATOR_CODE_ID, CODE, OPERATOR_NAME, OPERATOR_ID, ENABLED, DEACTIVATION_DATE, ACTIVATION_DATE, country_id) VALUES (110753, 1268778, 'Antigua & Barbuda - Mobile C and W Antigua/1268778', 1679, true, '2099-12-31', '2008-01-01', 9);
INSERT INTO operator_code (OPERATOR_CODE_ID, CODE, OPERATOR_NAME, OPERATOR_ID, ENABLED, DEACTIVATION_DATE, ACTIVATION_DATE, country_id) VALUES (110754, 1268779, 'Antigua & Barbuda - Mobile C and W Antigua/1268779', 1679, true, '2099-12-31', '2008-01-01', 9);
INSERT INTO operator_code (OPERATOR_CODE_ID, CODE, OPERATOR_NAME, OPERATOR_ID, ENABLED, DEACTIVATION_DATE, ACTIVATION_DATE, country_id) VALUES (110755, 1268781, 'Antigua & Barbuda - Mobile C and W Antigua/1268781', 1679, true, '2099-12-31', '2008-01-01', 9);
INSERT INTO operator_code (OPERATOR_CODE_ID, CODE, OPERATOR_NAME, OPERATOR_ID, ENABLED, DEACTIVATION_DATE, ACTIVATION_DATE, country_id) VALUES (110756, 1268782, 'Antigua & Barbuda - Mobile C and W Antigua/1268782', 1679, true, '2099-12-31', '2008-01-01', 9);
INSERT INTO operator_code (OPERATOR_CODE_ID, CODE, OPERATOR_NAME, OPERATOR_ID, ENABLED, DEACTIVATION_DATE, ACTIVATION_DATE, country_id) VALUES (110757, 1268783, 'Antigua & Barbuda - Mobile C and W Antigua/1268783', 1679, true, '2099-12-31', '2008-01-01', 9);
INSERT INTO operator_code (OPERATOR_CODE_ID, CODE, OPERATOR_NAME, OPERATOR_ID, ENABLED, DEACTIVATION_DATE, ACTIVATION_DATE, country_id) VALUES (110758, 1268784, 'Antigua & Barbuda - Mobile C and W Antigua/1268784', 1679, true, '2099-12-31', '2008-01-01', 9);
INSERT INTO operator_code (OPERATOR_CODE_ID, CODE, OPERATOR_NAME, OPERATOR_ID, ENABLED, DEACTIVATION_DATE, ACTIVATION_DATE, country_id) VALUES (110759, 1268785, 'Antigua & Barbuda - Mobile C and W Antigua/1268785', 1679, true, '2099-12-31', '2008-01-01', 9);
INSERT INTO operator_code (OPERATOR_CODE_ID, CODE, OPERATOR_NAME, OPERATOR_ID, ENABLED, DEACTIVATION_DATE, ACTIVATION_DATE, country_id) VALUES (110760, 1268786, 'Antigua & Barbuda - Mobile C and W Antigua/1268786', 1679, true, '2099-12-31', '2008-01-01', 9);
INSERT INTO operator_code (OPERATOR_CODE_ID, CODE, OPERATOR_NAME, OPERATOR_ID, ENABLED, DEACTIVATION_DATE, ACTIVATION_DATE, country_id) VALUES (110761, 1268788, 'Antigua & Barbuda - Mobile C and W Antigua/1268788', 1679, true, '2099-12-31', '2008-01-01', 9);
INSERT INTO operator_code (OPERATOR_CODE_ID, CODE, OPERATOR_NAME, OPERATOR_ID, ENABLED, DEACTIVATION_DATE, ACTIVATION_DATE, country_id) VALUES (110762, 1268789, 'Antigua & Barbuda - Mobile Other/1268789', 1680, true, '2099-12-31', '2008-01-01', 9);
INSERT INTO operator_code (OPERATOR_CODE_ID, CODE, OPERATOR_NAME, OPERATOR_ID, ENABLED, DEACTIVATION_DATE, ACTIVATION_DATE, country_id) VALUES (110763, 1268, 'Antigua & Barbuda - Proper/1268', 1681, true, '2099-12-31', '2008-01-01', 9);
INSERT INTO operator_code (OPERATOR_CODE_ID, CODE, OPERATOR_NAME, OPERATOR_ID, ENABLED, DEACTIVATION_DATE, ACTIVATION_DATE, country_id) VALUES (110764, 5411, 'Argentina - Buenos Aires/5411', 1682, true, '2099-12-31', '2008-01-01', 10);
INSERT INTO operator_code (OPERATOR_CODE_ID, CODE, OPERATOR_NAME, OPERATOR_ID, ENABLED, DEACTIVATION_DATE, ACTIVATION_DATE, country_id) VALUES (110765, 54351, 'Argentina - Cordoba/54351', 1683, true, '2099-12-31', '2008-01-01', 10);
INSERT INTO operator_code (OPERATOR_CODE_ID, CODE, OPERATOR_NAME, OPERATOR_ID, ENABLED, DEACTIVATION_DATE, ACTIVATION_DATE, country_id) VALUES (110766, 54353, 'Argentina - Cordoba/54353', 1683, true, '2013-01-28', '2008-01-01', 10);
INSERT INTO operator_code (OPERATOR_CODE_ID, CODE, OPERATOR_NAME, OPERATOR_ID, ENABLED, DEACTIVATION_DATE, ACTIVATION_DATE, country_id) VALUES (110767, 54358, 'Argentina - Cordoba/54358', 1683, true, '2013-01-28', '2008-01-01', 10);
INSERT INTO operator_code (OPERATOR_CODE_ID, CODE, OPERATOR_NAME, OPERATOR_ID, ENABLED, DEACTIVATION_DATE, ACTIVATION_DATE, country_id) VALUES (110768, 54261, 'Argentina - Mendoza/54261', 1684, true, '2099-12-31', '2008-01-01', 10);
INSERT INTO operator_code (OPERATOR_CODE_ID, CODE, OPERATOR_NAME, OPERATOR_ID, ENABLED, DEACTIVATION_DATE, ACTIVATION_DATE, country_id) VALUES (110769, 549, 'Argentina - Mobile Other/549', 1685, true, '2099-12-31', '2008-01-01', 10);
INSERT INTO operator_code (OPERATOR_CODE_ID, CODE, OPERATOR_NAME, OPERATOR_ID, ENABLED, DEACTIVATION_DATE, ACTIVATION_DATE, country_id) VALUES (110770, 54, 'Argentina - Proper/54', 1686, true, '2099-12-31', '2008-01-01', 10);
INSERT INTO operator_code (OPERATOR_CODE_ID, CODE, OPERATOR_NAME, OPERATOR_ID, ENABLED, DEACTIVATION_DATE, ACTIVATION_DATE, country_id) VALUES (110771, 54341, 'Argentina - ROSARIO/54341', 1687, true, '2099-12-31', '2008-01-01', 10);
INSERT INTO operator_code (OPERATOR_CODE_ID, CODE, OPERATOR_NAME, OPERATOR_ID, ENABLED, DEACTIVATION_DATE, ACTIVATION_DATE, country_id) VALUES (110772, 37491, 'Armenia - Mobile ArmenTel/37491', 1688, true, '2014-11-07', '2008-01-01', 11);
INSERT INTO operator_code (OPERATOR_CODE_ID, CODE, OPERATOR_NAME, OPERATOR_ID, ENABLED, DEACTIVATION_DATE, ACTIVATION_DATE, country_id) VALUES (110773, 37492, 'Armenia - Mobile ArmenTel/37492', 1688, true, '2014-11-07', '2008-01-01', 11);
INSERT INTO operator_code (OPERATOR_CODE_ID, CODE, OPERATOR_NAME, OPERATOR_ID, ENABLED, DEACTIVATION_DATE, ACTIVATION_DATE, country_id) VALUES (110774, 37497, 'Armenia - Mobile Karabakh/37497', 1689, true, '2014-11-07', '2008-01-01', 11);
INSERT INTO operator_code (OPERATOR_CODE_ID, CODE, OPERATOR_NAME, OPERATOR_ID, ENABLED, DEACTIVATION_DATE, ACTIVATION_DATE, country_id) VALUES (110775, 3749, 'Armenia - Mobile Other/3749', 1690, true, '2099-12-31', '2008-01-01', 11);
INSERT INTO operator_code (OPERATOR_CODE_ID, CODE, OPERATOR_NAME, OPERATOR_ID, ENABLED, DEACTIVATION_DATE, ACTIVATION_DATE, country_id) VALUES (110776, 37493, 'Armenia - Mobile VivaCel/37493', 1691, true, '2099-12-31', '2008-01-01', 11);
INSERT INTO operator_code (OPERATOR_CODE_ID, CODE, OPERATOR_NAME, OPERATOR_ID, ENABLED, DEACTIVATION_DATE, ACTIVATION_DATE, country_id) VALUES (110777, 37494, 'Armenia - Mobile VivaCel/37494', 1691, true, '2099-12-31', '2008-01-01', 11);
INSERT INTO operator_code (OPERATOR_CODE_ID, CODE, OPERATOR_NAME, OPERATOR_ID, ENABLED, DEACTIVATION_DATE, ACTIVATION_DATE, country_id) VALUES (110778, 374, 'Armenia - Proper/374', 1692, true, '2099-12-31', '2008-01-01', 11);
INSERT INTO operator_code (OPERATOR_CODE_ID, CODE, OPERATOR_NAME, OPERATOR_ID, ENABLED, DEACTIVATION_DATE, ACTIVATION_DATE, country_id) VALUES (110779, 37410, 'Armenia - Yerevan/37410', 1693, true, '2099-12-31', '2008-01-01', 11);
INSERT INTO operator_code (OPERATOR_CODE_ID, CODE, OPERATOR_NAME, OPERATOR_ID, ENABLED, DEACTIVATION_DATE, ACTIVATION_DATE, country_id) VALUES (110780, 29773, 'Aruba - Mobile Digicel/29773', 1694, true, '2099-12-31', '2008-01-01', 12);
INSERT INTO operator_code (OPERATOR_CODE_ID, CODE, OPERATOR_NAME, OPERATOR_ID, ENABLED, DEACTIVATION_DATE, ACTIVATION_DATE, country_id) VALUES (110781, 29774, 'Aruba - Mobile Digicel/29774', 1694, true, '2099-12-31', '2008-01-01', 12);
INSERT INTO operator_code (OPERATOR_CODE_ID, CODE, OPERATOR_NAME, OPERATOR_ID, ENABLED, DEACTIVATION_DATE, ACTIVATION_DATE, country_id) VALUES (110782, 2979, 'Aruba - Mobile Other/2979', 1695, true, '2099-12-31', '2008-01-01', 12);
INSERT INTO operator_code (OPERATOR_CODE_ID, CODE, OPERATOR_NAME, OPERATOR_ID, ENABLED, DEACTIVATION_DATE, ACTIVATION_DATE, country_id) VALUES (110783, 29756, 'Aruba - Mobile Setar/29756', 1696, true, '2099-12-31', '2008-01-01', 12);
INSERT INTO operator_code (OPERATOR_CODE_ID, CODE, OPERATOR_NAME, OPERATOR_ID, ENABLED, DEACTIVATION_DATE, ACTIVATION_DATE, country_id) VALUES (110784, 29759, 'Aruba - Mobile Setar/29759', 1696, true, '2099-12-31', '2008-01-01', 12);
INSERT INTO operator_code (OPERATOR_CODE_ID, CODE, OPERATOR_NAME, OPERATOR_ID, ENABLED, DEACTIVATION_DATE, ACTIVATION_DATE, country_id) VALUES (110785, 29796, 'Aruba - Mobile Setar/29796', 1696, true, '2099-12-31', '2008-01-01', 12);
INSERT INTO operator_code (OPERATOR_CODE_ID, CODE, OPERATOR_NAME, OPERATOR_ID, ENABLED, DEACTIVATION_DATE, ACTIVATION_DATE, country_id) VALUES (110786, 29799, 'Aruba - Mobile Setar/29799', 1696, true, '2099-12-31', '2008-01-01', 12);
INSERT INTO operator_code (OPERATOR_CODE_ID, CODE, OPERATOR_NAME, OPERATOR_ID, ENABLED, DEACTIVATION_DATE, ACTIVATION_DATE, country_id) VALUES (110787, 297, 'Aruba - Proper/297', 1697, true, '2099-12-31', '2008-01-01', 12);
INSERT INTO operator_code (OPERATOR_CODE_ID, CODE, OPERATOR_NAME, OPERATOR_ID, ENABLED, DEACTIVATION_DATE, ACTIVATION_DATE, country_id) VALUES (110789, 61881, 'Australia - Adelaide/61881', 1699, true, '2099-12-31', '2008-01-01', 13);
INSERT INTO operator_code (OPERATOR_CODE_ID, CODE, OPERATOR_NAME, OPERATOR_ID, ENABLED, DEACTIVATION_DATE, ACTIVATION_DATE, country_id) VALUES (110790, 61882, 'Australia - Adelaide/61882', 1699, true, '2099-12-31', '2008-01-01', 13);
INSERT INTO operator_code (OPERATOR_CODE_ID, CODE, OPERATOR_NAME, OPERATOR_ID, ENABLED, DEACTIVATION_DATE, ACTIVATION_DATE, country_id) VALUES (110791, 61883, 'Australia - Adelaide/61883', 1699, true, '2099-12-31', '2008-01-01', 13);
INSERT INTO operator_code (OPERATOR_CODE_ID, CODE, OPERATOR_NAME, OPERATOR_ID, ENABLED, DEACTIVATION_DATE, ACTIVATION_DATE, country_id) VALUES (110792, 61884, 'Australia - Adelaide/61884', 1699, true, '2099-12-31', '2008-01-01', 13);
INSERT INTO operator_code (OPERATOR_CODE_ID, CODE, OPERATOR_NAME, OPERATOR_ID, ENABLED, DEACTIVATION_DATE, ACTIVATION_DATE, country_id) VALUES (110793, 61872, 'Australia - Adelaide AAPT/61872', 1700, true, '2009-06-30', '2008-01-01', 13);
INSERT INTO operator_code (OPERATOR_CODE_ID, CODE, OPERATOR_NAME, OPERATOR_ID, ENABLED, DEACTIVATION_DATE, ACTIVATION_DATE, country_id) VALUES (110794, 61874, 'Australia - Adelaide Singtel/61874', 1701, true, '2009-06-30', '2008-01-01', 13);
INSERT INTO operator_code (OPERATOR_CODE_ID, CODE, OPERATOR_NAME, OPERATOR_ID, ENABLED, DEACTIVATION_DATE, ACTIVATION_DATE, country_id) VALUES (110795, 61871, 'Australia - Adelaide WX/61871', 1702, true, '2009-06-30', '2008-01-01', 13);
INSERT INTO operator_code (OPERATOR_CODE_ID, CODE, OPERATOR_NAME, OPERATOR_ID, ENABLED, DEACTIVATION_DATE, ACTIVATION_DATE, country_id) VALUES (110796, 6173, 'Australia - Brisbane/6173', 1703, true, '2099-12-31', '2008-01-01', 13);
INSERT INTO operator_code (OPERATOR_CODE_ID, CODE, OPERATOR_NAME, OPERATOR_ID, ENABLED, DEACTIVATION_DATE, ACTIVATION_DATE, country_id) VALUES (110797, 61261, 'Australia - Canberra/61261', 1704, true, '2099-12-31', '2008-01-01', 13);
INSERT INTO operator_code (OPERATOR_CODE_ID, CODE, OPERATOR_NAME, OPERATOR_ID, ENABLED, DEACTIVATION_DATE, ACTIVATION_DATE, country_id) VALUES (110798, 61262, 'Australia - Canberra/61262', 1704, true, '2099-12-31', '2008-01-01', 13);
INSERT INTO operator_code (OPERATOR_CODE_ID, CODE, OPERATOR_NAME, OPERATOR_ID, ENABLED, DEACTIVATION_DATE, ACTIVATION_DATE, country_id) VALUES (110799, 6138, 'Australia - Melbourne/6138', 1705, true, '2099-12-31', '2008-01-01', 13);
INSERT INTO operator_code (OPERATOR_CODE_ID, CODE, OPERATOR_NAME, OPERATOR_ID, ENABLED, DEACTIVATION_DATE, ACTIVATION_DATE, country_id) VALUES (110800, 6139, 'Australia - Melbourne/6139', 1705, true, '2099-12-31', '2008-01-01', 13);
INSERT INTO operator_code (OPERATOR_CODE_ID, CODE, OPERATOR_NAME, OPERATOR_ID, ENABLED, DEACTIVATION_DATE, ACTIVATION_DATE, country_id) VALUES (110801, 611, 'Australia - Mobile Other/611', 1706, true, '2011-03-28', '2008-01-01', 13);
INSERT INTO operator_code (OPERATOR_CODE_ID, CODE, OPERATOR_NAME, OPERATOR_ID, ENABLED, DEACTIVATION_DATE, ACTIVATION_DATE, country_id) VALUES (110802, 614, 'Australia - Mobile Other/614', 1706, true, '2009-06-30', '2008-01-01', 13);
INSERT INTO operator_code (OPERATOR_CODE_ID, CODE, OPERATOR_NAME, OPERATOR_ID, ENABLED, DEACTIVATION_DATE, ACTIVATION_DATE, country_id) VALUES (110803, 61, 'Australia - Proper/61', 1707, true, '2099-12-31', '2008-01-01', 13);
INSERT INTO operator_code (OPERATOR_CODE_ID, CODE, OPERATOR_NAME, OPERATOR_ID, ENABLED, DEACTIVATION_DATE, ACTIVATION_DATE, country_id) VALUES (110804, 6128, 'Australia - Sydney/6128', 1708, true, '2099-12-31', '2008-01-01', 13);
INSERT INTO operator_code (OPERATOR_CODE_ID, CODE, OPERATOR_NAME, OPERATOR_ID, ENABLED, DEACTIVATION_DATE, ACTIVATION_DATE, country_id) VALUES (110805, 6129, 'Australia - Sydney/6129', 1708, true, '2099-12-31', '2008-01-01', 13);
INSERT INTO operator_code (OPERATOR_CODE_ID, CODE, OPERATOR_NAME, OPERATOR_ID, ENABLED, DEACTIVATION_DATE, ACTIVATION_DATE, country_id) VALUES (110807, 43681, 'Austria - Mobile Connect/43681', 1710, true, '2099-12-31', '2008-01-01', 14);
INSERT INTO operator_code (OPERATOR_CODE_ID, CODE, OPERATOR_NAME, OPERATOR_ID, ENABLED, DEACTIVATION_DATE, ACTIVATION_DATE, country_id) VALUES (110808, 43660, 'Austria - Mobile H3G/43660', 1711, true, '2099-12-31', '2008-01-01', 14);
INSERT INTO operator_code (OPERATOR_CODE_ID, CODE, OPERATOR_NAME, OPERATOR_ID, ENABLED, DEACTIVATION_DATE, ACTIVATION_DATE, country_id) VALUES (110809, 4367833, 'Austria - Mobile H3G/4367833', 1711, true, '2099-12-31', '2008-01-01', 14);
INSERT INTO operator_code (OPERATOR_CODE_ID, CODE, OPERATOR_NAME, OPERATOR_ID, ENABLED, DEACTIVATION_DATE, ACTIVATION_DATE, country_id) VALUES (110810, 4367890, 'Austria - Mobile H3G/4367890', 1711, true, '2099-12-31', '2008-01-01', 14);
INSERT INTO operator_code (OPERATOR_CODE_ID, CODE, OPERATOR_NAME, OPERATOR_ID, ENABLED, DEACTIVATION_DATE, ACTIVATION_DATE, country_id) VALUES (110811, 4367891, 'Austria - Mobile H3G/4367891', 1711, true, '2099-12-31', '2008-01-01', 14);
INSERT INTO operator_code (OPERATOR_CODE_ID, CODE, OPERATOR_NAME, OPERATOR_ID, ENABLED, DEACTIVATION_DATE, ACTIVATION_DATE, country_id) VALUES (110812, 43644, 'Austria - Mobile Kosovo Mobilkom/43644', 1712, true, '2099-12-31', '2008-01-01', 14);
INSERT INTO operator_code (OPERATOR_CODE_ID, CODE, OPERATOR_NAME, OPERATOR_ID, ENABLED, DEACTIVATION_DATE, ACTIVATION_DATE, country_id) VALUES (110813, 43664, 'Austria - Mobile Mobilkom/43664', 1713, true, '2099-12-31', '2008-01-01', 14);
INSERT INTO operator_code (OPERATOR_CODE_ID, CODE, OPERATOR_NAME, OPERATOR_ID, ENABLED, DEACTIVATION_DATE, ACTIVATION_DATE, country_id) VALUES (110814, 43680, 'Austria - Mobile Mobilkom/43680', 1713, true, '2099-12-31', '2008-01-01', 14);
INSERT INTO operator_code (OPERATOR_CODE_ID, CODE, OPERATOR_NAME, OPERATOR_ID, ENABLED, DEACTIVATION_DATE, ACTIVATION_DATE, country_id) VALUES (110815, 43699, 'Austria - Mobile One/43699', 1714, true, '2099-12-31', '2008-01-01', 14);
INSERT INTO operator_code (OPERATOR_CODE_ID, CODE, OPERATOR_NAME, OPERATOR_ID, ENABLED, DEACTIVATION_DATE, ACTIVATION_DATE, country_id) VALUES (110816, 4386034, 'Austria - Mobile Other/4386034', 1715, true, '2099-12-31', '2008-01-01', 14);
INSERT INTO operator_code (OPERATOR_CODE_ID, CODE, OPERATOR_NAME, OPERATOR_ID, ENABLED, DEACTIVATION_DATE, ACTIVATION_DATE, country_id) VALUES (110817, 4386061, 'Austria - Mobile Other/4386061', 1715, true, '2099-12-31', '2008-01-01', 14);
INSERT INTO operator_code (OPERATOR_CODE_ID, CODE, OPERATOR_NAME, OPERATOR_ID, ENABLED, DEACTIVATION_DATE, ACTIVATION_DATE, country_id) VALUES (110818, 4386064, 'Austria - Mobile Other/4386064', 1715, true, '2099-12-31', '2008-01-01', 14);
INSERT INTO operator_code (OPERATOR_CODE_ID, CODE, OPERATOR_NAME, OPERATOR_ID, ENABLED, DEACTIVATION_DATE, ACTIVATION_DATE, country_id) VALUES (110819, 4386134, 'Austria - Mobile Other/4386134', 1715, true, '2099-12-31', '2008-01-01', 14);
INSERT INTO operator_code (OPERATOR_CODE_ID, CODE, OPERATOR_NAME, OPERATOR_ID, ENABLED, DEACTIVATION_DATE, ACTIVATION_DATE, country_id) VALUES (110820, 4386164, 'Austria - Mobile Other/4386164', 1715, true, '2099-12-31', '2008-01-01', 14);
INSERT INTO operator_code (OPERATOR_CODE_ID, CODE, OPERATOR_NAME, OPERATOR_ID, ENABLED, DEACTIVATION_DATE, ACTIVATION_DATE, country_id) VALUES (110821, 43688, 'Austria - Mobile Tele2/43688', 1716, true, '2099-12-31', '2008-01-01', 14);
INSERT INTO operator_code (OPERATOR_CODE_ID, CODE, OPERATOR_NAME, OPERATOR_ID, ENABLED, DEACTIVATION_DATE, ACTIVATION_DATE, country_id) VALUES (110822, 43730, 'Austria - Mobile Telekom/43730', 1717, true, '2099-12-31', '2008-01-01', 14);
INSERT INTO operator_code (OPERATOR_CODE_ID, CODE, OPERATOR_NAME, OPERATOR_ID, ENABLED, DEACTIVATION_DATE, ACTIVATION_DATE, country_id) VALUES (110823, 43740, 'Austria - Mobile Telekom/43740', 1717, true, '2099-12-31', '2008-01-01', 14);
INSERT INTO operator_code (OPERATOR_CODE_ID, CODE, OPERATOR_NAME, OPERATOR_ID, ENABLED, DEACTIVATION_DATE, ACTIVATION_DATE, country_id) VALUES (110824, 43810, 'Austria - Mobile Telekom/43810', 1717, true, '2099-12-31', '2008-01-01', 14);
INSERT INTO operator_code (OPERATOR_CODE_ID, CODE, OPERATOR_NAME, OPERATOR_ID, ENABLED, DEACTIVATION_DATE, ACTIVATION_DATE, country_id) VALUES (110825, 43820, 'Austria - Mobile Telekom/43820', 1717, true, '2099-12-31', '2008-01-01', 14);
INSERT INTO operator_code (OPERATOR_CODE_ID, CODE, OPERATOR_NAME, OPERATOR_ID, ENABLED, DEACTIVATION_DATE, ACTIVATION_DATE, country_id) VALUES (110826, 43650, 'Austria - Mobile Telering/43650', 1718, true, '2099-12-31', '2008-01-01', 14);
INSERT INTO operator_code (OPERATOR_CODE_ID, CODE, OPERATOR_NAME, OPERATOR_ID, ENABLED, DEACTIVATION_DATE, ACTIVATION_DATE, country_id) VALUES (110827, 43676, 'Austria - Mobile T-Mobile/43676', 1719, true, '2099-12-31', '2008-01-01', 14);
INSERT INTO operator_code (OPERATOR_CODE_ID, CODE, OPERATOR_NAME, OPERATOR_ID, ENABLED, DEACTIVATION_DATE, ACTIVATION_DATE, country_id) VALUES (110828, 43677, 'Austria - Mobile T-Mobile/43677', 1719, true, '2099-12-31', '2008-01-01', 14);
INSERT INTO operator_code (OPERATOR_CODE_ID, CODE, OPERATOR_NAME, OPERATOR_ID, ENABLED, DEACTIVATION_DATE, ACTIVATION_DATE, country_id) VALUES (110829, 43711, 'Austria - Personal Numbers/43711', 1720, true, '2099-12-31', '2008-01-01', 14);
INSERT INTO operator_code (OPERATOR_CODE_ID, CODE, OPERATOR_NAME, OPERATOR_ID, ENABLED, DEACTIVATION_DATE, ACTIVATION_DATE, country_id) VALUES (110830, 43720, 'Austria - Personal Numbers/43720', 1720, true, '2099-12-31', '2008-01-01', 14);
INSERT INTO operator_code (OPERATOR_CODE_ID, CODE, OPERATOR_NAME, OPERATOR_ID, ENABLED, DEACTIVATION_DATE, ACTIVATION_DATE, country_id) VALUES (110831, 43780, 'Austria - Personal Numbers/43780', 1720, true, '2099-12-31', '2008-01-01', 14);
INSERT INTO operator_code (OPERATOR_CODE_ID, CODE, OPERATOR_NAME, OPERATOR_ID, ENABLED, DEACTIVATION_DATE, ACTIVATION_DATE, country_id) VALUES (110832, 43, 'Austria - Proper/43', 1721, true, '2099-12-31', '2008-01-01', 14);
INSERT INTO operator_code (OPERATOR_CODE_ID, CODE, OPERATOR_NAME, OPERATOR_ID, ENABLED, DEACTIVATION_DATE, ACTIVATION_DATE, country_id) VALUES (110833, 431, 'Austria - Vienna/431', 1722, true, '2099-12-31', '2008-01-01', 14);
INSERT INTO operator_code (OPERATOR_CODE_ID, CODE, OPERATOR_NAME, OPERATOR_ID, ENABLED, DEACTIVATION_DATE, ACTIVATION_DATE, country_id) VALUES (120111, 24493, 'Angola - Mobile Unitel/24493', 1672, true, '2099-12-31', '2008-01-01', 6);
INSERT INTO operator_code (OPERATOR_CODE_ID, CODE, OPERATOR_NAME, OPERATOR_ID, ENABLED, DEACTIVATION_DATE, ACTIVATION_DATE, country_id) VALUES (120245, 213698, 'Algeria - Mobile Mobilis/213698', 1661, true, '2009-11-30', '2008-01-01', 3);
INSERT INTO operator_code (OPERATOR_CODE_ID, CODE, OPERATOR_NAME, OPERATOR_ID, ENABLED, DEACTIVATION_DATE, ACTIVATION_DATE, country_id) VALUES (120246, 213699, 'Algeria - Mobile Mobilis/213699', 1661, true, '2009-11-30', '2008-01-01', 3);
INSERT INTO operator_code (OPERATOR_CODE_ID, CODE, OPERATOR_NAME, OPERATOR_ID, ENABLED, DEACTIVATION_DATE, ACTIVATION_DATE, country_id) VALUES (120260, 2135, 'Algeria - Mobile Wataniya/2135', 1663, true, '2099-12-31', '2008-01-01', 3);
INSERT INTO operator_code (OPERATOR_CODE_ID, CODE, OPERATOR_NAME, OPERATOR_ID, ENABLED, DEACTIVATION_DATE, ACTIVATION_DATE, country_id) VALUES (120261, 2137, 'Algeria - Mobile Orascom/2137', 1662, true, '2009-10-31', '2008-01-01', 3);
INSERT INTO operator_code (OPERATOR_CODE_ID, CODE, OPERATOR_NAME, OPERATOR_ID, ENABLED, DEACTIVATION_DATE, ACTIVATION_DATE, country_id) VALUES (120262, 2139, 'Algeria - Mobile Orascom/2139', 1662, true, '2009-10-31', '2008-01-01', 3);
INSERT INTO operator_code (OPERATOR_CODE_ID, CODE, OPERATOR_NAME, OPERATOR_ID, ENABLED, DEACTIVATION_DATE, ACTIVATION_DATE, country_id) VALUES (120733, 9375, 'Afghanistan - Mobile AT/9375', 2947, true, '2099-12-31', '2010-07-22', 1);
INSERT INTO operator_code (OPERATOR_CODE_ID, CODE, OPERATOR_NAME, OPERATOR_ID, ENABLED, DEACTIVATION_DATE, ACTIVATION_DATE, country_id) VALUES (121116, 37477, 'Armenia - Mobile VivaCel/37477', 1691, true, '2099-12-31', '2010-11-01', 11);
INSERT INTO operator_code (OPERATOR_CODE_ID, CODE, OPERATOR_NAME, OPERATOR_ID, ENABLED, DEACTIVATION_DATE, ACTIVATION_DATE, country_id) VALUES (121117, 37447, 'Armenia - Karabakh/37447', 2958, true, '2099-12-31', '2010-11-01', 11);
INSERT INTO operator_code (OPERATOR_CODE_ID, CODE, OPERATOR_NAME, OPERATOR_ID, ENABLED, DEACTIVATION_DATE, ACTIVATION_DATE, country_id) VALUES (121118, 37455, 'Armenia - Mobile Orange/37455', 2959, true, '2099-12-31', '2010-11-01', 11);
INSERT INTO operator_code (OPERATOR_CODE_ID, CODE, OPERATOR_NAME, OPERATOR_ID, ENABLED, DEACTIVATION_DATE, ACTIVATION_DATE, country_id) VALUES (121119, 35567, 'Albania - Mobile Eagle/35567', 2960, true, '2099-12-31', '2010-11-01', 2);
INSERT INTO operator_code (OPERATOR_CODE_ID, CODE, OPERATOR_NAME, OPERATOR_ID, ENABLED, DEACTIVATION_DATE, ACTIVATION_DATE, country_id) VALUES (121120, 35566, 'Albania - Mobile Plus/35566', 2961, true, '2099-12-31', '2010-11-01', 2);
INSERT INTO operator_code (OPERATOR_CODE_ID, CODE, OPERATOR_NAME, OPERATOR_ID, ENABLED, DEACTIVATION_DATE, ACTIVATION_DATE, country_id) VALUES (121197, 54221, 'Argentina - La Plata/54221', 2977, true, '2099-12-31', '2010-12-29', 10);
INSERT INTO operator_code (OPERATOR_CODE_ID, CODE, OPERATOR_NAME, OPERATOR_ID, ENABLED, DEACTIVATION_DATE, ACTIVATION_DATE, country_id) VALUES (121209, 54911, 'Argentina - Mobile Buenos Aires/54911', 2987, true, '2013-01-28', '2010-12-30', 10);
INSERT INTO operator_code (OPERATOR_CODE_ID, CODE, OPERATOR_NAME, OPERATOR_ID, ENABLED, DEACTIVATION_DATE, ACTIVATION_DATE, country_id) VALUES (124287, 61871, 'Australia - Adelaide/61871', 1699, true, '2099-12-31', '2009-07-01', 13);
INSERT INTO operator_code (OPERATOR_CODE_ID, CODE, OPERATOR_NAME, OPERATOR_ID, ENABLED, DEACTIVATION_DATE, ACTIVATION_DATE, country_id) VALUES (124288, 61874, 'Australia - Adelaide/61874', 1699, true, '2099-12-31', '2009-07-01', 13);
INSERT INTO operator_code (OPERATOR_CODE_ID, CODE, OPERATOR_NAME, OPERATOR_ID, ENABLED, DEACTIVATION_DATE, ACTIVATION_DATE, country_id) VALUES (124289, 61872, 'Australia - Adelaide/61872', 1699, true, '2099-12-31', '2009-07-01', 13);
INSERT INTO operator_code (OPERATOR_CODE_ID, CODE, OPERATOR_NAME, OPERATOR_ID, ENABLED, DEACTIVATION_DATE, ACTIVATION_DATE, country_id) VALUES (124292, 611, 'Australia - Mobile Other/611', 1706, true, '2011-03-29', '2011-03-29', 13);
INSERT INTO operator_code (OPERATOR_CODE_ID, CODE, OPERATOR_NAME, OPERATOR_ID, ENABLED, DEACTIVATION_DATE, ACTIVATION_DATE, country_id) VALUES (124293, 614, 'Australia - Mobile Other/614', 1706, true, '2099-12-31', '2009-07-01', 13);
INSERT INTO operator_code (OPERATOR_CODE_ID, CODE, OPERATOR_NAME, OPERATOR_ID, ENABLED, DEACTIVATION_DATE, ACTIVATION_DATE, country_id) VALUES (124294, 61873, 'Australia - Adelaide/61873', 1699, true, '2099-12-31', '2011-03-29', 13);
INSERT INTO operator_code (OPERATOR_CODE_ID, CODE, OPERATOR_NAME, OPERATOR_ID, ENABLED, DEACTIVATION_DATE, ACTIVATION_DATE, country_id) VALUES (124295, 61870, 'Australia - Adelaide/61870', 1699, true, '2099-12-31', '2011-03-29', 13);
INSERT INTO operator_code (OPERATOR_CODE_ID, CODE, OPERATOR_NAME, OPERATOR_ID, ENABLED, DEACTIVATION_DATE, ACTIVATION_DATE, country_id) VALUES (124296, 61425, 'Australia - Mobile Hutchison/61425', 3032, true, '2099-12-31', '2011-03-29', 13);
INSERT INTO operator_code (OPERATOR_CODE_ID, CODE, OPERATOR_NAME, OPERATOR_ID, ENABLED, DEACTIVATION_DATE, ACTIVATION_DATE, country_id) VALUES (124297, 61430, 'Australia - Mobile Hutchison/61430', 3032, true, '2099-12-31', '2011-03-29', 13);
INSERT INTO operator_code (OPERATOR_CODE_ID, CODE, OPERATOR_NAME, OPERATOR_ID, ENABLED, DEACTIVATION_DATE, ACTIVATION_DATE, country_id) VALUES (124298, 61433, 'Australia - Mobile Hutchison/61433', 3032, true, '2099-12-31', '2011-03-29', 13);
INSERT INTO operator_code (OPERATOR_CODE_ID, CODE, OPERATOR_NAME, OPERATOR_ID, ENABLED, DEACTIVATION_DATE, ACTIVATION_DATE, country_id) VALUES (124299, 61466, 'Australia - Mobile Optus/61466', 3030, true, '2099-12-31', '2011-03-29', 13);
INSERT INTO operator_code (OPERATOR_CODE_ID, CODE, OPERATOR_NAME, OPERATOR_ID, ENABLED, DEACTIVATION_DATE, ACTIVATION_DATE, country_id) VALUES (124300, 61478, 'Australia - Mobile Optus/61478', 3030, true, '2099-12-31', '2011-03-29', 13);
INSERT INTO operator_code (OPERATOR_CODE_ID, CODE, OPERATOR_NAME, OPERATOR_ID, ENABLED, DEACTIVATION_DATE, ACTIVATION_DATE, country_id) VALUES (124301, 614791, 'Australia - Mobile Optus/614791', 3030, true, '2099-12-31', '2011-03-29', 13);
INSERT INTO operator_code (OPERATOR_CODE_ID, CODE, OPERATOR_NAME, OPERATOR_ID, ENABLED, DEACTIVATION_DATE, ACTIVATION_DATE, country_id) VALUES (124302, 614790, 'Australia - Mobile Optus/614790', 3030, true, '2099-12-31', '2011-03-29', 13);
INSERT INTO operator_code (OPERATOR_CODE_ID, CODE, OPERATOR_NAME, OPERATOR_ID, ENABLED, DEACTIVATION_DATE, ACTIVATION_DATE, country_id) VALUES (124303, 614684, 'Australia - Mobile Optus/614684', 3030, true, '2099-12-31', '2011-03-29', 13);
INSERT INTO operator_code (OPERATOR_CODE_ID, CODE, OPERATOR_NAME, OPERATOR_ID, ENABLED, DEACTIVATION_DATE, ACTIVATION_DATE, country_id) VALUES (124304, 614683, 'Australia - Mobile Optus/614683', 3030, true, '2099-12-31', '2011-03-29', 13);
INSERT INTO operator_code (OPERATOR_CODE_ID, CODE, OPERATOR_NAME, OPERATOR_ID, ENABLED, DEACTIVATION_DATE, ACTIVATION_DATE, country_id) VALUES (124305, 614686, 'Australia - Mobile Optus/614686', 3030, true, '2099-12-31', '2011-03-29', 13);
INSERT INTO operator_code (OPERATOR_CODE_ID, CODE, OPERATOR_NAME, OPERATOR_ID, ENABLED, DEACTIVATION_DATE, ACTIVATION_DATE, country_id) VALUES (124306, 614685, 'Australia - Mobile Optus/614685', 3030, true, '2099-12-31', '2011-03-29', 13);
INSERT INTO operator_code (OPERATOR_CODE_ID, CODE, OPERATOR_NAME, OPERATOR_ID, ENABLED, DEACTIVATION_DATE, ACTIVATION_DATE, country_id) VALUES (124307, 614688, 'Australia - Mobile Optus/614688', 3030, true, '2099-12-31', '2011-03-29', 13);
INSERT INTO operator_code (OPERATOR_CODE_ID, CODE, OPERATOR_NAME, OPERATOR_ID, ENABLED, DEACTIVATION_DATE, ACTIVATION_DATE, country_id) VALUES (124308, 614687, 'Australia - Mobile Optus/614687', 3030, true, '2099-12-31', '2011-03-29', 13);
INSERT INTO operator_code (OPERATOR_CODE_ID, CODE, OPERATOR_NAME, OPERATOR_ID, ENABLED, DEACTIVATION_DATE, ACTIVATION_DATE, country_id) VALUES (124309, 614689, 'Australia - Mobile Optus/614689', 3030, true, '2099-12-31', '2011-03-29', 13);
INSERT INTO operator_code (OPERATOR_CODE_ID, CODE, OPERATOR_NAME, OPERATOR_ID, ENABLED, DEACTIVATION_DATE, ACTIVATION_DATE, country_id) VALUES (124310, 61401, 'Australia - Mobile Optus/61401', 3030, true, '2099-12-31', '2011-03-29', 13);
INSERT INTO operator_code (OPERATOR_CODE_ID, CODE, OPERATOR_NAME, OPERATOR_ID, ENABLED, DEACTIVATION_DATE, ACTIVATION_DATE, country_id) VALUES (124311, 61402, 'Australia - Mobile Optus/61402', 3030, true, '2099-12-31', '2011-03-29', 13);
INSERT INTO operator_code (OPERATOR_CODE_ID, CODE, OPERATOR_NAME, OPERATOR_ID, ENABLED, DEACTIVATION_DATE, ACTIVATION_DATE, country_id) VALUES (124312, 61403, 'Australia - Mobile Optus/61403', 3030, true, '2099-12-31', '2011-03-29', 13);
INSERT INTO operator_code (OPERATOR_CODE_ID, CODE, OPERATOR_NAME, OPERATOR_ID, ENABLED, DEACTIVATION_DATE, ACTIVATION_DATE, country_id) VALUES (124313, 61412, 'Australia - Mobile Optus/61412', 3030, true, '2099-12-31', '2011-03-29', 13);
INSERT INTO operator_code (OPERATOR_CODE_ID, CODE, OPERATOR_NAME, OPERATOR_ID, ENABLED, DEACTIVATION_DATE, ACTIVATION_DATE, country_id) VALUES (124314, 61413, 'Australia - Mobile Optus/61413', 3030, true, '2099-12-31', '2011-03-29', 13);
INSERT INTO operator_code (OPERATOR_CODE_ID, CODE, OPERATOR_NAME, OPERATOR_ID, ENABLED, DEACTIVATION_DATE, ACTIVATION_DATE, country_id) VALUES (124315, 61411, 'Australia - Mobile Optus/61411', 3030, true, '2099-12-31', '2011-03-29', 13);
INSERT INTO operator_code (OPERATOR_CODE_ID, CODE, OPERATOR_NAME, OPERATOR_ID, ENABLED, DEACTIVATION_DATE, ACTIVATION_DATE, country_id) VALUES (124316, 61421, 'Australia - Mobile Optus/61421', 3030, true, '2099-12-31', '2011-03-29', 13);
INSERT INTO operator_code (OPERATOR_CODE_ID, CODE, OPERATOR_NAME, OPERATOR_ID, ENABLED, DEACTIVATION_DATE, ACTIVATION_DATE, country_id) VALUES (124317, 61422, 'Australia - Mobile Optus/61422', 3030, true, '2099-12-31', '2011-03-29', 13);
INSERT INTO operator_code (OPERATOR_CODE_ID, CODE, OPERATOR_NAME, OPERATOR_ID, ENABLED, DEACTIVATION_DATE, ACTIVATION_DATE, country_id) VALUES (124318, 61423, 'Australia - Mobile Optus/61423', 3030, true, '2099-12-31', '2011-03-29', 13);
INSERT INTO operator_code (OPERATOR_CODE_ID, CODE, OPERATOR_NAME, OPERATOR_ID, ENABLED, DEACTIVATION_DATE, ACTIVATION_DATE, country_id) VALUES (124319, 61431, 'Australia - Mobile Optus/61431', 3030, true, '2099-12-31', '2011-03-29', 13);
INSERT INTO operator_code (OPERATOR_CODE_ID, CODE, OPERATOR_NAME, OPERATOR_ID, ENABLED, DEACTIVATION_DATE, ACTIVATION_DATE, country_id) VALUES (124320, 61434, 'Australia - Mobile Optus/61434', 3030, true, '2099-12-31', '2011-03-29', 13);
INSERT INTO operator_code (OPERATOR_CODE_ID, CODE, OPERATOR_NAME, OPERATOR_ID, ENABLED, DEACTIVATION_DATE, ACTIVATION_DATE, country_id) VALUES (124321, 61435, 'Australia - Mobile Optus/61435', 3030, true, '2099-12-31', '2011-03-29', 13);
INSERT INTO operator_code (OPERATOR_CODE_ID, CODE, OPERATOR_NAME, OPERATOR_ID, ENABLED, DEACTIVATION_DATE, ACTIVATION_DATE, country_id) VALUES (124322, 61432, 'Australia - Mobile Optus/61432', 3030, true, '2099-12-31', '2011-03-29', 13);
INSERT INTO operator_code (OPERATOR_CODE_ID, CODE, OPERATOR_NAME, OPERATOR_ID, ENABLED, DEACTIVATION_DATE, ACTIVATION_DATE, country_id) VALUES (124323, 61448, 'Australia - Mobile Telstra/61448', 3029, true, '2099-12-31', '2011-03-29', 13);
INSERT INTO operator_code (OPERATOR_CODE_ID, CODE, OPERATOR_NAME, OPERATOR_ID, ENABLED, DEACTIVATION_DATE, ACTIVATION_DATE, country_id) VALUES (124324, 61447, 'Australia - Mobile Telstra/61447', 3029, true, '2099-12-31', '2011-03-29', 13);
INSERT INTO operator_code (OPERATOR_CODE_ID, CODE, OPERATOR_NAME, OPERATOR_ID, ENABLED, DEACTIVATION_DATE, ACTIVATION_DATE, country_id) VALUES (124325, 61457, 'Australia - Mobile Telstra/61457', 3029, true, '2099-12-31', '2011-03-29', 13);
INSERT INTO operator_code (OPERATOR_CODE_ID, CODE, OPERATOR_NAME, OPERATOR_ID, ENABLED, DEACTIVATION_DATE, ACTIVATION_DATE, country_id) VALUES (124326, 61459, 'Australia - Mobile Telstra/61459', 3029, true, '2099-12-31', '2011-03-29', 13);
INSERT INTO operator_code (OPERATOR_CODE_ID, CODE, OPERATOR_NAME, OPERATOR_ID, ENABLED, DEACTIVATION_DATE, ACTIVATION_DATE, country_id) VALUES (124327, 61458, 'Australia - Mobile Telstra/61458', 3029, true, '2099-12-31', '2011-03-29', 13);
INSERT INTO operator_code (OPERATOR_CODE_ID, CODE, OPERATOR_NAME, OPERATOR_ID, ENABLED, DEACTIVATION_DATE, ACTIVATION_DATE, country_id) VALUES (124328, 61467, 'Australia - Mobile Telstra/61467', 3029, true, '2099-12-31', '2011-03-29', 13);
INSERT INTO operator_code (OPERATOR_CODE_ID, CODE, OPERATOR_NAME, OPERATOR_ID, ENABLED, DEACTIVATION_DATE, ACTIVATION_DATE, country_id) VALUES (124329, 61477, 'Australia - Mobile Telstra/61477', 3029, true, '2099-12-31', '2011-03-29', 13);
INSERT INTO operator_code (OPERATOR_CODE_ID, CODE, OPERATOR_NAME, OPERATOR_ID, ENABLED, DEACTIVATION_DATE, ACTIVATION_DATE, country_id) VALUES (124330, 614444, 'Australia - Mobile Telstra/614444', 3029, true, '2099-12-31', '2011-03-29', 13);
INSERT INTO operator_code (OPERATOR_CODE_ID, CODE, OPERATOR_NAME, OPERATOR_ID, ENABLED, DEACTIVATION_DATE, ACTIVATION_DATE, country_id) VALUES (124331, 61487, 'Australia - Mobile Telstra/61487', 3029, true, '2099-12-31', '2011-03-29', 13);
INSERT INTO operator_code (OPERATOR_CODE_ID, CODE, OPERATOR_NAME, OPERATOR_ID, ENABLED, DEACTIVATION_DATE, ACTIVATION_DATE, country_id) VALUES (124332, 61400, 'Australia - Mobile Telstra/61400', 3029, true, '2099-12-31', '2011-03-29', 13);
INSERT INTO operator_code (OPERATOR_CODE_ID, CODE, OPERATOR_NAME, OPERATOR_ID, ENABLED, DEACTIVATION_DATE, ACTIVATION_DATE, country_id) VALUES (124333, 614887, 'Australia - Mobile Telstra/614887', 3029, true, '2099-12-31', '2011-03-29', 13);
INSERT INTO operator_code (OPERATOR_CODE_ID, CODE, OPERATOR_NAME, OPERATOR_ID, ENABLED, DEACTIVATION_DATE, ACTIVATION_DATE, country_id) VALUES (124334, 61409, 'Australia - Mobile Telstra/61409', 3029, true, '2099-12-31', '2011-03-29', 13);
INSERT INTO operator_code (OPERATOR_CODE_ID, CODE, OPERATOR_NAME, OPERATOR_ID, ENABLED, DEACTIVATION_DATE, ACTIVATION_DATE, country_id) VALUES (124335, 614885, 'Australia - Mobile Telstra/614885', 3029, true, '2099-12-31', '2011-03-29', 13);
INSERT INTO operator_code (OPERATOR_CODE_ID, CODE, OPERATOR_NAME, OPERATOR_ID, ENABLED, DEACTIVATION_DATE, ACTIVATION_DATE, country_id) VALUES (124336, 61408, 'Australia - Mobile Telstra/61408', 3029, true, '2099-12-31', '2011-03-29', 13);
INSERT INTO operator_code (OPERATOR_CODE_ID, CODE, OPERATOR_NAME, OPERATOR_ID, ENABLED, DEACTIVATION_DATE, ACTIVATION_DATE, country_id) VALUES (124337, 614886, 'Australia - Mobile Telstra/614886', 3029, true, '2099-12-31', '2011-03-29', 13);
INSERT INTO operator_code (OPERATOR_CODE_ID, CODE, OPERATOR_NAME, OPERATOR_ID, ENABLED, DEACTIVATION_DATE, ACTIVATION_DATE, country_id) VALUES (124338, 61407, 'Australia - Mobile Telstra/61407', 3029, true, '2099-12-31', '2011-03-29', 13);
INSERT INTO operator_code (OPERATOR_CODE_ID, CODE, OPERATOR_NAME, OPERATOR_ID, ENABLED, DEACTIVATION_DATE, ACTIVATION_DATE, country_id) VALUES (124339, 614883, 'Australia - Mobile Telstra/614883', 3029, true, '2099-12-31', '2011-03-29', 13);
INSERT INTO operator_code (OPERATOR_CODE_ID, CODE, OPERATOR_NAME, OPERATOR_ID, ENABLED, DEACTIVATION_DATE, ACTIVATION_DATE, country_id) VALUES (124340, 614884, 'Australia - Mobile Telstra/614884', 3029, true, '2099-12-31', '2011-03-29', 13);
INSERT INTO operator_code (OPERATOR_CODE_ID, CODE, OPERATOR_NAME, OPERATOR_ID, ENABLED, DEACTIVATION_DATE, ACTIVATION_DATE, country_id) VALUES (124341, 614881, 'Australia - Mobile Telstra/614881', 3029, true, '2099-12-31', '2011-03-29', 13);
INSERT INTO operator_code (OPERATOR_CODE_ID, CODE, OPERATOR_NAME, OPERATOR_ID, ENABLED, DEACTIVATION_DATE, ACTIVATION_DATE, country_id) VALUES (124342, 614882, 'Australia - Mobile Telstra/614882', 3029, true, '2099-12-31', '2011-03-29', 13);
INSERT INTO operator_code (OPERATOR_CODE_ID, CODE, OPERATOR_NAME, OPERATOR_ID, ENABLED, DEACTIVATION_DATE, ACTIVATION_DATE, country_id) VALUES (124343, 614880, 'Australia - Mobile Telstra/614880', 3029, true, '2099-12-31', '2011-03-29', 13);
INSERT INTO operator_code (OPERATOR_CODE_ID, CODE, OPERATOR_NAME, OPERATOR_ID, ENABLED, DEACTIVATION_DATE, ACTIVATION_DATE, country_id) VALUES (124344, 61417, 'Australia - Mobile Telstra/61417', 3029, true, '2099-12-31', '2011-03-29', 13);
INSERT INTO operator_code (OPERATOR_CODE_ID, CODE, OPERATOR_NAME, OPERATOR_ID, ENABLED, DEACTIVATION_DATE, ACTIVATION_DATE, country_id) VALUES (124345, 61419, 'Australia - Mobile Telstra/61419', 3029, true, '2099-12-31', '2011-03-29', 13);
INSERT INTO operator_code (OPERATOR_CODE_ID, CODE, OPERATOR_NAME, OPERATOR_ID, ENABLED, DEACTIVATION_DATE, ACTIVATION_DATE, country_id) VALUES (124346, 61418, 'Australia - Mobile Telstra/61418', 3029, true, '2099-12-31', '2011-03-29', 13);
INSERT INTO operator_code (OPERATOR_CODE_ID, CODE, OPERATOR_NAME, OPERATOR_ID, ENABLED, DEACTIVATION_DATE, ACTIVATION_DATE, country_id) VALUES (124347, 614889, 'Australia - Mobile Telstra/614889', 3029, true, '2099-12-31', '2011-03-29', 13);
INSERT INTO operator_code (OPERATOR_CODE_ID, CODE, OPERATOR_NAME, OPERATOR_ID, ENABLED, DEACTIVATION_DATE, ACTIVATION_DATE, country_id) VALUES (124348, 61427, 'Australia - Mobile Telstra/61427', 3029, true, '2099-12-31', '2011-03-29', 13);
INSERT INTO operator_code (OPERATOR_CODE_ID, CODE, OPERATOR_NAME, OPERATOR_ID, ENABLED, DEACTIVATION_DATE, ACTIVATION_DATE, country_id) VALUES (124349, 61428, 'Australia - Mobile Telstra/61428', 3029, true, '2099-12-31', '2011-03-29', 13);
INSERT INTO operator_code (OPERATOR_CODE_ID, CODE, OPERATOR_NAME, OPERATOR_ID, ENABLED, DEACTIVATION_DATE, ACTIVATION_DATE, country_id) VALUES (124350, 61429, 'Australia - Mobile Telstra/61429', 3029, true, '2099-12-31', '2011-03-29', 13);
INSERT INTO operator_code (OPERATOR_CODE_ID, CODE, OPERATOR_NAME, OPERATOR_ID, ENABLED, DEACTIVATION_DATE, ACTIVATION_DATE, country_id) VALUES (124351, 61438, 'Australia - Mobile Telstra/61438', 3029, true, '2099-12-31', '2011-03-29', 13);
INSERT INTO operator_code (OPERATOR_CODE_ID, CODE, OPERATOR_NAME, OPERATOR_ID, ENABLED, DEACTIVATION_DATE, ACTIVATION_DATE, country_id) VALUES (124352, 61439, 'Australia - Mobile Telstra/61439', 3029, true, '2099-12-31', '2011-03-29', 13);
INSERT INTO operator_code (OPERATOR_CODE_ID, CODE, OPERATOR_NAME, OPERATOR_ID, ENABLED, DEACTIVATION_DATE, ACTIVATION_DATE, country_id) VALUES (124353, 61437, 'Australia - Mobile Telstra/61437', 3029, true, '2099-12-31', '2011-03-29', 13);
INSERT INTO operator_code (OPERATOR_CODE_ID, CODE, OPERATOR_NAME, OPERATOR_ID, ENABLED, DEACTIVATION_DATE, ACTIVATION_DATE, country_id) VALUES (124354, 61449, 'Australia - Mobile Vodafone/61449', 3028, true, '2099-12-31', '2011-03-29', 13);
INSERT INTO operator_code (OPERATOR_CODE_ID, CODE, OPERATOR_NAME, OPERATOR_ID, ENABLED, DEACTIVATION_DATE, ACTIVATION_DATE, country_id) VALUES (124355, 61451, 'Australia - Mobile Vodafone/61451', 3028, true, '2099-12-31', '2011-03-29', 13);
INSERT INTO operator_code (OPERATOR_CODE_ID, CODE, OPERATOR_NAME, OPERATOR_ID, ENABLED, DEACTIVATION_DATE, ACTIVATION_DATE, country_id) VALUES (124356, 61450, 'Australia - Mobile Vodafone/61450', 3028, true, '2099-12-31', '2011-03-29', 13);
INSERT INTO operator_code (OPERATOR_CODE_ID, CODE, OPERATOR_NAME, OPERATOR_ID, ENABLED, DEACTIVATION_DATE, ACTIVATION_DATE, country_id) VALUES (124357, 61453, 'Australia - Mobile Vodafone/61453', 3028, true, '2099-12-31', '2011-03-29', 13);
INSERT INTO operator_code (OPERATOR_CODE_ID, CODE, OPERATOR_NAME, OPERATOR_ID, ENABLED, DEACTIVATION_DATE, ACTIVATION_DATE, country_id) VALUES (124358, 61452, 'Australia - Mobile Vodafone/61452', 3028, true, '2099-12-31', '2011-03-29', 13);
INSERT INTO operator_code (OPERATOR_CODE_ID, CODE, OPERATOR_NAME, OPERATOR_ID, ENABLED, DEACTIVATION_DATE, ACTIVATION_DATE, country_id) VALUES (124359, 614208, 'Australia - Mobile Vodafone/614208', 3028, true, '2099-12-31', '2011-03-29', 13);
INSERT INTO operator_code (OPERATOR_CODE_ID, CODE, OPERATOR_NAME, OPERATOR_ID, ENABLED, DEACTIVATION_DATE, ACTIVATION_DATE, country_id) VALUES (124360, 614207, 'Australia - Mobile Vodafone/614207', 3028, true, '2099-12-31', '2011-03-29', 13);
INSERT INTO operator_code (OPERATOR_CODE_ID, CODE, OPERATOR_NAME, OPERATOR_ID, ENABLED, DEACTIVATION_DATE, ACTIVATION_DATE, country_id) VALUES (124361, 614209, 'Australia - Mobile Vodafone/614209', 3028, true, '2099-12-31', '2011-03-29', 13);
INSERT INTO operator_code (OPERATOR_CODE_ID, CODE, OPERATOR_NAME, OPERATOR_ID, ENABLED, DEACTIVATION_DATE, ACTIVATION_DATE, country_id) VALUES (124362, 61404, 'Australia - Mobile Vodafone/61404', 3028, true, '2099-12-31', '2011-03-29', 13);
INSERT INTO operator_code (OPERATOR_CODE_ID, CODE, OPERATOR_NAME, OPERATOR_ID, ENABLED, DEACTIVATION_DATE, ACTIVATION_DATE, country_id) VALUES (124363, 61405, 'Australia - Mobile Vodafone/61405', 3028, true, '2099-12-31', '2011-03-29', 13);
INSERT INTO operator_code (OPERATOR_CODE_ID, CODE, OPERATOR_NAME, OPERATOR_ID, ENABLED, DEACTIVATION_DATE, ACTIVATION_DATE, country_id) VALUES (124364, 61406, 'Australia - Mobile Vodafone/61406', 3028, true, '2099-12-31', '2011-03-29', 13);
INSERT INTO operator_code (OPERATOR_CODE_ID, CODE, OPERATOR_NAME, OPERATOR_ID, ENABLED, DEACTIVATION_DATE, ACTIVATION_DATE, country_id) VALUES (124365, 61410, 'Australia - Mobile Vodafone/61410', 3028, true, '2099-12-31', '2011-03-29', 13);
INSERT INTO operator_code (OPERATOR_CODE_ID, CODE, OPERATOR_NAME, OPERATOR_ID, ENABLED, DEACTIVATION_DATE, ACTIVATION_DATE, country_id) VALUES (124366, 61416, 'Australia - Mobile Vodafone/61416', 3028, true, '2099-12-31', '2011-03-29', 13);
INSERT INTO operator_code (OPERATOR_CODE_ID, CODE, OPERATOR_NAME, OPERATOR_ID, ENABLED, DEACTIVATION_DATE, ACTIVATION_DATE, country_id) VALUES (124367, 61414, 'Australia - Mobile Vodafone/61414', 3028, true, '2099-12-31', '2011-03-29', 13);
INSERT INTO operator_code (OPERATOR_CODE_ID, CODE, OPERATOR_NAME, OPERATOR_ID, ENABLED, DEACTIVATION_DATE, ACTIVATION_DATE, country_id) VALUES (124368, 61415, 'Australia - Mobile Vodafone/61415', 3028, true, '2099-12-31', '2011-03-29', 13);
INSERT INTO operator_code (OPERATOR_CODE_ID, CODE, OPERATOR_NAME, OPERATOR_ID, ENABLED, DEACTIVATION_DATE, ACTIVATION_DATE, country_id) VALUES (124369, 61426, 'Australia - Mobile Vodafone/61426', 3028, true, '2099-12-31', '2011-03-29', 13);
INSERT INTO operator_code (OPERATOR_CODE_ID, CODE, OPERATOR_NAME, OPERATOR_ID, ENABLED, DEACTIVATION_DATE, ACTIVATION_DATE, country_id) VALUES (124370, 61424, 'Australia - Mobile Vodafone/61424', 3028, true, '2099-12-31', '2011-03-29', 13);
INSERT INTO operator_code (OPERATOR_CODE_ID, CODE, OPERATOR_NAME, OPERATOR_ID, ENABLED, DEACTIVATION_DATE, ACTIVATION_DATE, country_id) VALUES (124371, 614202, 'Australia - Mobile Vodafone/614202', 3028, true, '2099-12-31', '2011-03-29', 13);
INSERT INTO operator_code (OPERATOR_CODE_ID, CODE, OPERATOR_NAME, OPERATOR_ID, ENABLED, DEACTIVATION_DATE, ACTIVATION_DATE, country_id) VALUES (124372, 614205, 'Australia - Mobile Vodafone/614205', 3028, true, '2099-12-31', '2011-03-29', 13);
INSERT INTO operator_code (OPERATOR_CODE_ID, CODE, OPERATOR_NAME, OPERATOR_ID, ENABLED, DEACTIVATION_DATE, ACTIVATION_DATE, country_id) VALUES (124373, 614206, 'Australia - Mobile Vodafone/614206', 3028, true, '2099-12-31', '2011-03-29', 13);
INSERT INTO operator_code (OPERATOR_CODE_ID, CODE, OPERATOR_NAME, OPERATOR_ID, ENABLED, DEACTIVATION_DATE, ACTIVATION_DATE, country_id) VALUES (124374, 614203, 'Australia - Mobile Vodafone/614203', 3028, true, '2099-12-31', '2011-03-29', 13);
INSERT INTO operator_code (OPERATOR_CODE_ID, CODE, OPERATOR_NAME, OPERATOR_ID, ENABLED, DEACTIVATION_DATE, ACTIVATION_DATE, country_id) VALUES (124375, 614204, 'Australia - Mobile Vodafone/614204', 3028, true, '2099-12-31', '2011-03-29', 13);
INSERT INTO operator_code (OPERATOR_CODE_ID, CODE, OPERATOR_NAME, OPERATOR_ID, ENABLED, DEACTIVATION_DATE, ACTIVATION_DATE, country_id) VALUES (124376, 61865, 'Australia - Perth/61865', 3035, true, '2099-12-31', '2011-03-29', 13);
INSERT INTO operator_code (OPERATOR_CODE_ID, CODE, OPERATOR_NAME, OPERATOR_ID, ENABLED, DEACTIVATION_DATE, ACTIVATION_DATE, country_id) VALUES (124377, 61861, 'Australia - Perth/61861', 3035, true, '2099-12-31', '2011-03-29', 13);
INSERT INTO operator_code (OPERATOR_CODE_ID, CODE, OPERATOR_NAME, OPERATOR_ID, ENABLED, DEACTIVATION_DATE, ACTIVATION_DATE, country_id) VALUES (124378, 61862, 'Australia - Perth/61862', 3035, true, '2099-12-31', '2011-03-29', 13);
INSERT INTO operator_code (OPERATOR_CODE_ID, CODE, OPERATOR_NAME, OPERATOR_ID, ENABLED, DEACTIVATION_DATE, ACTIVATION_DATE, country_id) VALUES (124379, 61863, 'Australia - Perth/61863', 3035, true, '2099-12-31', '2011-03-29', 13);
INSERT INTO operator_code (OPERATOR_CODE_ID, CODE, OPERATOR_NAME, OPERATOR_ID, ENABLED, DEACTIVATION_DATE, ACTIVATION_DATE, country_id) VALUES (124380, 61864, 'Australia - Perth/61864', 3035, true, '2099-12-31', '2011-03-29', 13);
INSERT INTO operator_code (OPERATOR_CODE_ID, CODE, OPERATOR_NAME, OPERATOR_ID, ENABLED, DEACTIVATION_DATE, ACTIVATION_DATE, country_id) VALUES (124381, 61860, 'Australia - Perth/61860', 3035, true, '2099-12-31', '2011-03-29', 13);
INSERT INTO operator_code (OPERATOR_CODE_ID, CODE, OPERATOR_NAME, OPERATOR_ID, ENABLED, DEACTIVATION_DATE, ACTIVATION_DATE, country_id) VALUES (124382, 61893, 'Australia - Perth/61893', 3035, true, '2099-12-31', '2011-03-29', 13);
INSERT INTO operator_code (OPERATOR_CODE_ID, CODE, OPERATOR_NAME, OPERATOR_ID, ENABLED, DEACTIVATION_DATE, ACTIVATION_DATE, country_id) VALUES (124383, 61892, 'Australia - Perth/61892', 3035, true, '2099-12-31', '2011-03-29', 13);
INSERT INTO operator_code (OPERATOR_CODE_ID, CODE, OPERATOR_NAME, OPERATOR_ID, ENABLED, DEACTIVATION_DATE, ACTIVATION_DATE, country_id) VALUES (124384, 61894, 'Australia - Perth/61894', 3035, true, '2099-12-31', '2011-03-29', 13);
INSERT INTO operator_code (OPERATOR_CODE_ID, CODE, OPERATOR_NAME, OPERATOR_ID, ENABLED, DEACTIVATION_DATE, ACTIVATION_DATE, country_id) VALUES (124385, 61145, 'Australia - Satellite Optus/61145', 3034, true, '2099-12-31', '2011-03-29', 13);
INSERT INTO operator_code (OPERATOR_CODE_ID, CODE, OPERATOR_NAME, OPERATOR_ID, ENABLED, DEACTIVATION_DATE, ACTIVATION_DATE, country_id) VALUES (124386, 61147, 'Australia - Satellite Telstra/61147', 3033, true, '2099-12-31', '2011-03-29', 13);
INSERT INTO operator_code (OPERATOR_CODE_ID, CODE, OPERATOR_NAME, OPERATOR_ID, ENABLED, DEACTIVATION_DATE, ACTIVATION_DATE, country_id) VALUES (124387, 61468, 'Australia - Mobile Optus/61468', 3030, true, '2011-12-19', '2011-03-29', 13);
INSERT INTO operator_code (OPERATOR_CODE_ID, CODE, OPERATOR_NAME, OPERATOR_ID, ENABLED, DEACTIVATION_DATE, ACTIVATION_DATE, country_id) VALUES (124388, 6116, 'Australia - Mobile Other/6116', 1706, true, '2099-12-31', '2011-03-29', 13);
INSERT INTO operator_code (OPERATOR_CODE_ID, CODE, OPERATOR_NAME, OPERATOR_ID, ENABLED, DEACTIVATION_DATE, ACTIVATION_DATE, country_id) VALUES (124423, 2137, 'Algeria - Mobile Other/2137', 3038, true, '2013-05-23', '2009-11-01', 3);
INSERT INTO operator_code (OPERATOR_CODE_ID, CODE, OPERATOR_NAME, OPERATOR_ID, ENABLED, DEACTIVATION_DATE, ACTIVATION_DATE, country_id) VALUES (124424, 2139, 'Algeria - Mobile Other/2139', 3038, true, '2013-05-23', '2009-11-01', 3);
INSERT INTO operator_code (OPERATOR_CODE_ID, CODE, OPERATOR_NAME, OPERATOR_ID, ENABLED, DEACTIVATION_DATE, ACTIVATION_DATE, country_id) VALUES (124712, 29766, 'Aruba - Mobile Setar/29766', 1696, true, '2099-12-31', '2011-09-26', 12);
INSERT INTO operator_code (OPERATOR_CODE_ID, CODE, OPERATOR_NAME, OPERATOR_ID, ENABLED, DEACTIVATION_DATE, ACTIVATION_DATE, country_id) VALUES (124713, 29769, 'Aruba - Mobile Setar/29769', 1696, true, '2099-12-31', '2011-09-26', 12);
INSERT INTO operator_code (OPERATOR_CODE_ID, CODE, OPERATOR_NAME, OPERATOR_ID, ENABLED, DEACTIVATION_DATE, ACTIVATION_DATE, country_id) VALUES (124714, 297630, 'Aruba - Mobile Digicel/297630', 1694, true, '2099-12-31', '2011-09-26', 12);
INSERT INTO operator_code (OPERATOR_CODE_ID, CODE, OPERATOR_NAME, OPERATOR_ID, ENABLED, DEACTIVATION_DATE, ACTIVATION_DATE, country_id) VALUES (124715, 297640, 'Aruba - Mobile Digicel/297640', 1694, true, '2099-12-31', '2011-09-26', 12);
INSERT INTO operator_code (OPERATOR_CODE_ID, CODE, OPERATOR_NAME, OPERATOR_ID, ENABLED, DEACTIVATION_DATE, ACTIVATION_DATE, country_id) VALUES (124716, 297641, 'Aruba - Mobile Digicel/297641', 1694, true, '2099-12-31', '2011-09-26', 12);
INSERT INTO operator_code (OPERATOR_CODE_ID, CODE, OPERATOR_NAME, OPERATOR_ID, ENABLED, DEACTIVATION_DATE, ACTIVATION_DATE, country_id) VALUES (124717, 297622, 'Aruba - Mobile Other/297622', 1695, true, '2099-12-31', '2011-09-26', 12);
INSERT INTO operator_code (OPERATOR_CODE_ID, CODE, OPERATOR_NAME, OPERATOR_ID, ENABLED, DEACTIVATION_DATE, ACTIVATION_DATE, country_id) VALUES (124718, 297600, 'Aruba - Mobile Other/297600', 1695, true, '2099-12-31', '2011-09-26', 12);
INSERT INTO operator_code (OPERATOR_CODE_ID, CODE, OPERATOR_NAME, OPERATOR_ID, ENABLED, DEACTIVATION_DATE, ACTIVATION_DATE, country_id) VALUES (124893, 61498, 'Australia - Mobile Telstra/61498', 3029, true, '2099-12-31', '2011-10-27', 13);
INSERT INTO operator_code (OPERATOR_CODE_ID, CODE, OPERATOR_NAME, OPERATOR_ID, ENABLED, DEACTIVATION_DATE, ACTIVATION_DATE, country_id) VALUES (124894, 61499, 'Australia - Mobile Telstra/61499', 3029, true, '2099-12-31', '2011-10-27', 13);
INSERT INTO operator_code (OPERATOR_CODE_ID, CODE, OPERATOR_NAME, OPERATOR_ID, ENABLED, DEACTIVATION_DATE, ACTIVATION_DATE, country_id) VALUES (125651, 213659, 'Algeria - Mobile Mobilis/213659', 1661, true, '2013-05-23', '2012-02-01', 3);
INSERT INTO operator_code (OPERATOR_CODE_ID, CODE, OPERATOR_NAME, OPERATOR_ID, ENABLED, DEACTIVATION_DATE, ACTIVATION_DATE, country_id) VALUES (125652, 213670, 'Algeria - Mobile Mobilis/213670', 1661, true, '2013-05-23', '2012-02-01', 3);
INSERT INTO operator_code (OPERATOR_CODE_ID, CODE, OPERATOR_NAME, OPERATOR_ID, ENABLED, DEACTIVATION_DATE, ACTIVATION_DATE, country_id) VALUES (126081, 24494, 'Angola - Mobile Unitel/24494', 1672, true, '2099-12-31', '2012-08-13', 6);
INSERT INTO operator_code (OPERATOR_CODE_ID, CODE, OPERATOR_NAME, OPERATOR_ID, ENABLED, DEACTIVATION_DATE, ACTIVATION_DATE, country_id) VALUES (126351, 6113, 'Australia - Special Services/6113', 3170, true, '2099-12-31', '2012-11-21', 13);
INSERT INTO operator_code (OPERATOR_CODE_ID, CODE, OPERATOR_NAME, OPERATOR_ID, ENABLED, DEACTIVATION_DATE, ACTIVATION_DATE, country_id) VALUES (126685, 54223, 'Argentina - Mar del Plata/54223', 3184, true, '2099-12-31', '2013-01-28', 10);
INSERT INTO operator_code (OPERATOR_CODE_ID, CODE, OPERATOR_NAME, OPERATOR_ID, ENABLED, DEACTIVATION_DATE, ACTIVATION_DATE, country_id) VALUES (126686, 9372, 'Afghanistan - Mobile Roshan/9372', 1652, true, '2099-12-31', '2013-01-30', 1);
INSERT INTO operator_code (OPERATOR_CODE_ID, CODE, OPERATOR_NAME, OPERATOR_ID, ENABLED, DEACTIVATION_DATE, ACTIVATION_DATE, country_id) VALUES (126968, 21378, 'Algeria - Mobile Orascom/21378', 1662, true, '2099-12-31', '2013-02-21', 3);
INSERT INTO operator_code (OPERATOR_CODE_ID, CODE, OPERATOR_NAME, OPERATOR_ID, ENABLED, DEACTIVATION_DATE, ACTIVATION_DATE, country_id) VALUES (126971, 21320, 'Algeria - Algiers/21320', 1658, true, '2099-12-31', '2013-02-21', 3);
INSERT INTO operator_code (OPERATOR_CODE_ID, CODE, OPERATOR_NAME, OPERATOR_ID, ENABLED, DEACTIVATION_DATE, ACTIVATION_DATE, country_id) VALUES (126974, 21322, 'Algeria - Algiers/21322', 1658, true, '2099-12-31', '2013-02-21', 3);
INSERT INTO operator_code (OPERATOR_CODE_ID, CODE, OPERATOR_NAME, OPERATOR_ID, ENABLED, DEACTIVATION_DATE, ACTIVATION_DATE, country_id) VALUES (127446, 21366, 'Algeria - Mobile Other/21366', 3038, true, '2014-06-29', '2013-05-23', 3);
INSERT INTO operator_code (OPERATOR_CODE_ID, CODE, OPERATOR_NAME, OPERATOR_ID, ENABLED, DEACTIVATION_DATE, ACTIVATION_DATE, country_id) VALUES (127449, 21369, 'Algeria - Mobile Other/21369', 3038, true, '2014-06-29', '2013-05-23', 3);
INSERT INTO operator_code (OPERATOR_CODE_ID, CODE, OPERATOR_NAME, OPERATOR_ID, ENABLED, DEACTIVATION_DATE, ACTIVATION_DATE, country_id) VALUES (127452, 21365, 'Algeria - Mobile Other/21365', 3038, true, '2014-06-30', '2013-05-23', 3);
INSERT INTO operator_code (OPERATOR_CODE_ID, CODE, OPERATOR_NAME, OPERATOR_ID, ENABLED, DEACTIVATION_DATE, ACTIVATION_DATE, country_id) VALUES (127455, 21367, 'Algeria - Mobile Other/21367', 3038, true, '2014-06-30', '2013-05-23', 3);
INSERT INTO operator_code (OPERATOR_CODE_ID, CODE, OPERATOR_NAME, OPERATOR_ID, ENABLED, DEACTIVATION_DATE, ACTIVATION_DATE, country_id) VALUES (127458, 21396, 'Algeria - Mobile Other/21396', 3038, true, '2014-06-29', '2013-05-23', 3);
INSERT INTO operator_code (OPERATOR_CODE_ID, CODE, OPERATOR_NAME, OPERATOR_ID, ENABLED, DEACTIVATION_DATE, ACTIVATION_DATE, country_id) VALUES (128285, 9376, 'Afghanistan - Mobile MTN/9376', 1650, true, '2099-12-31', '2013-11-12', 1);